16.855263	48	2.847775	0.351151
9.350365	127	13.582358	0.073625
10.586777	117	11.051522	0.090485
10.414634	165	15.843091	0.063119
9.419118	86	9.130367	0.109525
8.427632	74	8.780640	0.113887
5.497854	67	12.186573	0.082058
20.333333	101	4.967213	0.201320
8.958042	82	9.153786	0.109244
10.500000	171	16.285714	0.061404
10.855932	68	6.263856	0.159646
9.631579	119	12.355191	0.080938
8.211538	100	12.177986	0.082115
7.907407	121	15.302108	0.065350
6.637306	72	10.847775	0.092185
19.707692	56	2.841530	0.351923
10.586777	133	12.562842	0.079600
9.350365	118	12.619828	0.079240
10.414634	170	16.323185	0.061263
6.961957	73	10.485558	0.095369
7.362069	54	7.334895	0.136335
7.907407	169	21.372365	0.046789
10.675000	127	11.896956	0.084055
11.861111	139	11.718970	0.085332
10.166667	172	16.918033	0.059109
7.956522	79	9.928962	0.100715
5.643172	72	12.758782	0.078377
18.838235	109	5.786105	0.172828
13.923913	14	1.005464	0.994565
10.855932	96	8.843091	0.113083
13.206186	232	17.567525	0.056923
10.248000	187	18.247463	0.054802
10.586777	175	16.530055	0.060496
10.166667	116	11.409836	0.087644
7.404624	116	15.665886	0.063833
6.071090	79	13.012490	0.076849
13.484211	48	3.559719	0.280921
14.076923	4	0.284153	3.519231
12.084906	113	9.350507	0.106946
10.248000	16	1.561280	0.640500
10.675000	197	18.454333	0.054188
7.362069	139	18.880562	0.052965
4.889313	85	17.384856	0.057521
20.661290	157	7.598751	0.131601
16.215190	37	2.281811	0.438248
9.930233	121	12.185012	0.082068
10.586777	208	19.647151	0.050898
10.330645	94	9.099141	0.109900
9.853846	26	2.638564	0.378994
8.427632	164	19.459797	0.051388
10.166667	219	21.540984	0.046423
9.631579	14	1.453552	0.687970
20.333333	151	7.426230	0.134658
14.233333	62	4.355972	0.229570
14.076923	40	2.841530	0.351923
11.540541	14	1.213115	0.824324
11.043103	199	18.020297	0.055493
9.150000	115	12.568306	0.079565
7.763636	148	19.063232	0.052457
10.500000	13	1.238095	0.807692
11.645455	18	1.545667	0.646970
9.215827	151	16.384856	0.061032
10.007812	197	19.684621	0.050801
8.006250	100	12.490242	0.080062
15.433735	113	7.321624	0.136582
19.707692	164	8.321624	0.120169
10.764706	13	1.207650	0.828054
8.834483	120	13.583138	0.073621
12.084906	108	8.936768	0.111897
9.631579	196	20.349727	0.049141
12.084906	15	1.241218	0.805660
10.086614	94	9.319282	0.107304
9.021127	224	24.830601	0.040273
17.547945	259	14.759563	0.067753
13.071429	18	1.377049	0.726190
15.814815	119	7.524590	0.132898
13.206186	27	2.044496	0.489118
10.948718	47	4.292740	0.232951
11.971963	19	1.587041	0.630103
13.071429	7	0.535519	1.867347
11.971963	110	9.188134	0.108836
7.320000	146	19.945355	0.050137
9.021127	125	13.856362	0.072169
7.404624	99	13.370023	0.074794
22.473684	73	3.248244	0.307859
11.236842	53	4.716628	0.212016
9.778626	114	11.658080	0.085777
11.437500	6	0.524590	1.906250
11.645455	19	1.631538	0.612919
11.236842	20	1.779859	0.561842
10.500000	20	1.904762	0.525000
10.586777	218	20.591725	0.048563
7.907407	156	19.728337	0.050689
22.875000	25	1.092896	0.915000
16.012500	59	3.684621	0.271398
19.409091	120	6.182670	0.161742
17.791667	257	14.444965	0.069228
12.558824	16	1.274005	0.784926
11.437500	19	1.661202	0.601974
8.834483	100	11.319282	0.088345
11.645455	16	1.373927	0.727841
11.236842	110	9.789227	0.102153
10.675000	211	19.765808	0.050592
8.540000	150	17.564403	0.056933
22.473684	14	0.622951	1.605263
18.838235	251	13.323966	0.075053
13.627660	11	0.807182	1.238878
11.752294	6	0.510539	1.958716
10.948718	191	17.444965	0.057323
11.236842	8	0.711944	1.404605
6.777778	83	12.245902	0.081660
6.129187	115	18.762685	0.053297
12.810000	229	17.876659	0.055939
10.764706	116	10.775956	0.092799
12.200000	3	0.245902	4.066667
8.714286	83	9.524590	0.104991
9.559701	119	12.448087	0.080334
11.043103	182	16.480874	0.060676
7.670659	205	26.725215	0.037418
7.000000	123	17.571429	0.056911
22.875000	48	2.098361	0.476562
15.250000	8	0.524590	1.906250
11.236842	226	20.112412	0.049721
12.939394	8	0.618267	1.617424
8.773973	85	9.687744	0.103223
10.166667	110	10.819672	0.092424
9.853846	181	18.368462	0.054441
7.077348	129	18.227166	0.054863
5.023529	33	6.569087	0.152228
4.779851	82	17.155347	0.058291
14.076923	6	0.426230	2.346154
10.948718	230	21.007026	0.047603
11.336283	6	0.529274	1.889381
7.077348	134	18.933646	0.052816
10.086614	184	18.241998	0.054819
8.483444	85	10.019516	0.099805
17.547945	254	14.474629	0.069086
14.895349	12	0.805621	1.241279
11.236842	12	1.067916	0.936404
8.714286	92	10.557377	0.094720
10.500000	187	17.809524	0.056150
6.405000	134	20.921155	0.047799
4.815789	32	6.644809	0.150493
11.236842	13	1.156909	0.864372
11.752294	4	0.340359	2.938073
8.318182	91	10.939891	0.091409
11.236842	191	16.997658	0.058832
7.404624	145	19.582358	0.051066
9.488889	132	13.911007	0.071886
9.419118	197	20.914910	0.047813
7.491228	50	6.674473	0.149825
13.484211	9	0.667447	1.498246
12.084906	5	0.413739	2.416981
8.540000	89	10.421546	0.095955
11.645455	18	1.545667	0.646970
11.645455	191	16.401249	0.060971
10.248000	132	12.880562	0.077636
7.000000	139	19.857143	0.050360
9.631579	196	20.349727	0.049141
4.641304	31	6.679157	0.149719
17.547945	255	14.531616	0.068815
15.433735	101	6.544106	0.152809
14.233333	6	0.421546	2.372222
12.939394	4	0.309133	3.234848
11.139130	90	8.079625	0.123768
11.139130	184	16.518345	0.060539
7.156425	134	18.724434	0.053406
6.813830	78	11.447307	0.087357
5.003906	31	6.195160	0.161416
14.393258	93	6.461358	0.154766
12.436893	17	1.366901	0.731582
7.038462	126	17.901639	0.055861
10.166667	80	7.868852	0.127083
9.559701	228	23.850117	0.041929
9.704545	180	18.548009	0.053914
5.958140	65	10.909446	0.091664
11.236842	16	1.423888	0.702303
10.586777	173	16.341140	0.061195
9.930233	168	16.918033	0.059109
10.675000	112	10.491803	0.095313
6.535714	92	14.076503	0.071040
15.250000	92	6.032787	0.165761
10.948718	85	7.763466	0.128808
10.248000	174	16.978923	0.058897
9.215827	50	5.425449	0.184317
5.497854	68	12.368462	0.080851
15.070588	103	6.834504	0.146316
11.540541	94	8.145199	0.122772
7.362069	133	18.065574	0.055354
8.895833	187	21.021077	0.047571
7.278409	84	11.540984	0.086648
12.810000	109	8.508977	0.117523
14.895349	135	9.063232	0.110336
6.279412	135	21.498829	0.046514
9.282609	196	21.114754	0.047360
7.237288	97	13.402810	0.074611
11.752294	105	8.934426	0.111927
6.850267	95	13.868072	0.072108
7.716867	144	18.660422	0.053589
7.278409	142	19.509758	0.051256
16.215190	131	8.078845	0.123780
7.491228	92	12.281030	0.081426
8.056604	145	17.997658	0.055563
7.535294	134	17.782982	0.056234
21.000000	70	3.333333	0.300000
18.300000	21	1.147541	0.871429
7.625000	150	19.672131	0.050833
7.810976	132	16.899297	0.059174
7.196629	90	12.505855	0.079963
14.393258	35	2.431694	0.411236
14.393258	105	7.295082	0.137079
11.540541	97	8.405152	0.118975
11.043103	103	9.327088	0.107215
8.211538	155	18.875878	0.052978
7.716867	98	12.699454	0.078744
21.350000	179	8.384075	0.119274
19.707692	26	1.319282	0.757988
17.310811	111	6.412178	0.155953
13.774194	107	7.768150	0.128731
10.675000	95	8.899297	0.112368
7.491228	150	20.023419	0.049942
10.166667	93	9.147541	0.109319
8.773973	27	3.077283	0.324962
7.625000	124	16.262295	0.061492
12.317308	107	8.686963	0.115115
11.043103	7	0.633880	1.577586
9.150000	199	21.748634	0.045980
10.675000	101	9.461358	0.105693
6.341584	132	20.814988	0.048042
6.742105	57	8.454333	0.118283
6.341584	85	13.403591	0.074607
10.948718	153	13.974239	0.071560
9.488889	8	0.843091	1.186111
11.336283	45	3.969555	0.251917
9.419118	107	11.359875	0.088029
9.021127	204	22.613583	0.044221
5.796380	144	24.843091	0.040253
5.228571	30	5.737705	0.174286
11.971963	27	2.255269	0.443406
12.200000	3	0.245902	4.066667
11.645455	43	3.692428	0.270825
11.336283	168	14.819672	0.067478
9.021127	213	23.611241	0.042353
5.958140	168	28.196721	0.035465
5.521552	100	18.110851	0.055216
17.547945	194	11.055425	0.090453
13.343750	44	3.297424	0.303267
12.558824	10	0.796253	1.255882
11.043103	30	2.716628	0.368103
6.924324	121	17.474629	0.057226
10.675000	23	2.154567	0.464130
11.752294	59	5.020297	0.199191
6.777778	194	28.622951	0.034937
12.084906	78	6.454333	0.154935
6.502538	129	19.838407	0.050407
8.483444	25	2.946916	0.339338
12.436893	85	6.834504	0.146316
8.107595	29	3.576893	0.279572
10.764706	169	15.699454	0.063696
11.540541	35	3.032787	0.329730
11.336283	23	2.028884	0.492882
11.971963	193	16.120999	0.062031
11.336283	150	13.231850	0.075575
11.236842	130	11.569087	0.086437
9.215827	143	15.516784	0.064446
7.491228	163	21.758782	0.045958
22.875000	244	10.666667	0.093750
11.437500	152	13.289617	0.075247
11.336283	50	4.410617	0.226726
11.752294	88	7.487900	0.133549
7.763636	29	3.735363	0.267712
12.810000	146	11.397346	0.087740
10.586777	175	16.530055	0.060496
9.853846	63	6.393443	0.156410
8.211538	144	17.536300	0.057025
5.985981	150	25.058548	0.039907
8.655405	77	8.896175	0.112408
10.675000	190	17.798595	0.056184
8.427632	46	5.458236	0.183209
8.107595	149	18.377830	0.054413
11.540541	11	0.953162	1.049140
10.166667	16	1.573770	0.635417
11.752294	157	13.359094	0.074855
11.236842	210	18.688525	0.053509
9.419118	155	16.455894	0.060769
14.076923	8	0.568306	1.759615
12.317308	11	0.893052	1.119755
10.330645	30	2.903981	0.344355
10.764706	171	15.885246	0.062951
10.330645	207	20.037471	0.049906
10.855932	207	19.067916	0.052444
9.930233	226	22.758782	0.043939
8.655405	166	19.178767	0.052141
7.116667	50	7.025761	0.142333
7.077348	76	10.738486	0.093123
22.473684	100	4.449649	0.224737
10.500000	226	21.523810	0.046460
11.437500	43	3.759563	0.265988
11.043103	17	1.539422	0.649594
11.752294	15	1.276347	0.783486
10.414634	11	1.056206	0.946785
10.330645	50	4.839969	0.206613
8.318182	74	8.896175	0.112408
7.404624	11	1.485558	0.673148
7.320000	173	23.633880	0.042312
6.100000	177	29.016393	0.034463
23.290909	220	9.445746	0.105868
7.278409	77	10.579235	0.094525
11.645455	22	1.889149	0.529339
10.675000	50	4.683841	0.213500
11.336283	63	5.557377	0.179941
12.084906	72	5.957845	0.167846
10.330645	223	21.586261	0.046326
10.248000	231	22.540984	0.044364
11.752294	242	20.591725	0.048563
9.282609	111	11.957845	0.083627
10.086614	225	22.306792	0.044829
7.670659	23	2.998439	0.333507
7.320000	180	24.590164	0.040667
22.086207	86	3.893833	0.256816
23.722222	216	9.105386	0.109825
12.683168	24	1.892272	0.528465
10.586777	232	21.914130	0.045633
11.971963	33	2.756440	0.362787
9.853846	111	11.264637	0.088773
11.645455	26	2.232631	0.447902
10.414634	58	5.569087	0.179563
10.248000	96	9.367681	0.106750
11.971963	226	18.877440	0.052973
11.540541	240	20.796253	0.048086
11.139130	94	8.438720	0.118501
9.631579	221	22.945355	0.043582
8.540000	11	1.288056	0.776364
6.924324	174	25.128806	0.039795
6.188406	57	9.210773	0.108569
6.042453	178	29.458236	0.033946
5.744395	163	28.375488	0.035242
18.300000	70	3.825137	0.261429
11.861111	113	9.526932	0.104966
13.484211	15	1.112412	0.898947
9.559701	223	23.327088	0.042869
6.777778	57	8.409836	0.118908
10.500000	183	17.428571	0.057377
11.043103	218	19.740827	0.050656
6.887097	168	24.393443	0.040995
5.063241	146	28.835285	0.034680
18.300000	76	4.153005	0.240789
14.076923	251	17.830601	0.056083
11.971963	17	1.419984	0.704233
7.763636	68	8.758782	0.114171
9.150000	221	24.153005	0.041403
10.414634	219	21.028103	0.047555
10.586777	235	22.197502	0.045050
7.535294	92	12.209212	0.081905
5.718750	164	28.677596	0.034870
10.248000	25	2.439500	0.409920
8.318182	110	13.224044	0.075620
11.236842	146	12.992974	0.076965
11.752294	48	4.084309	0.244839
9.150000	219	23.934426	0.041781
7.116667	92	12.927400	0.077355
12.436893	68	5.467603	0.182895
9.215827	162	17.578454	0.056888
8.427632	135	16.018735	0.062427
8.895833	17	1.911007	0.523284
10.007812	68	6.794692	0.147174
9.150000	61	6.666667	0.150000
9.631579	169	17.546448	0.056992
10.855932	25	2.302888	0.434237
6.924324	22	3.177205	0.314742
7.362069	171	23.227166	0.043053
21.000000	72	3.428571	0.291667
14.233333	170	11.943794	0.083725
10.764706	17	1.579235	0.633218
7.077348	193	27.270101	0.036670
11.236842	40	3.559719	0.280921
9.704545	85	8.758782	0.114171
8.159236	217	26.595628	0.037600
11.043103	57	5.161593	0.193739
10.414634	127	12.194379	0.082005
5.593886	28	5.005464	0.199782
11.043103	50	4.527713	0.220862
10.330645	126	12.196721	0.081989
12.939394	198	15.302108	0.065350
11.236842	129	11.480094	0.087107
10.586777	48	4.533958	0.220558
11.645455	88	7.556596	0.132335
9.419118	190	20.171741	0.049574
10.007812	117	11.690867	0.085537
12.317308	201	16.318501	0.061280
19.119403	259	13.546448	0.073820
11.236842	116	10.323185	0.096869
11.043103	24	2.173302	0.460129
11.540541	202	17.503513	0.057131
23.290909	217	9.316940	0.107331
14.556818	208	14.288837	0.069985
12.436893	108	8.683841	0.115156
11.043103	17	1.539422	0.649594
11.752294	238	20.251366	0.049379
10.675000	104	9.742389	0.102644
24.169811	213	8.812646	0.113473
9.930233	96	9.667447	0.103440
9.559701	62	6.485558	0.154189
12.084906	179	14.811866	0.067513
9.853846	49	4.972678	0.201099
8.372549	212	25.320843	0.039493
7.491228	74	9.878220	0.101233
10.248000	211	20.589383	0.048569
8.597315	69	8.025761	0.124599
11.861111	204	17.199063	0.058143
11.861111	30	2.529274	0.395370
22.875000	35	1.530055	0.653571
11.139130	32	2.872756	0.348098
8.958042	22	2.455894	0.407184
10.414634	187	17.955504	0.055693
8.540000	60	7.025761	0.142333
22.086207	34	1.539422	0.649594
9.215827	61	6.619048	0.151079
10.948718	30	2.740047	0.364957
13.071429	201	15.377049	0.065032
12.084906	21	1.737705	0.575472
8.264516	190	22.989852	0.043497
8.372549	16	1.911007	0.523284
21.711864	113	5.204528	0.192140
10.855932	193	17.778298	0.056248
8.895833	196	22.032787	0.045387
8.958042	22	2.455894	0.407184
7.670659	53	6.909446	0.144729
9.930233	189	19.032787	0.052541
11.540541	208	18.023419	0.055483
9.419118	68	7.219360	0.138516
8.958042	18	2.009368	0.497669
6.813830	181	26.563622	0.037645
20.333333	172	8.459016	0.118217
12.436893	215	17.287276	0.057846
8.427632	12	1.423888	0.702303
9.930233	210	21.147541	0.047287
10.007812	196	19.584699	0.051060
8.318182	14	1.683060	0.594156
19.409091	68	3.503513	0.285428
13.923913	218	15.656518	0.063871
10.855932	8	0.736924	1.356992
10.675000	192	17.985948	0.055599
9.559701	188	19.665886	0.050849
23.290909	69	2.962529	0.337549
18.300000	153	8.360656	0.119608
11.645455	211	18.118657	0.055192
11.645455	210	18.032787	0.055455
13.923913	163	11.706479	0.085423
10.855932	206	18.975800	0.052699
11.861111	156	13.152225	0.076033
10.166667	203	19.967213	0.050082
9.021127	170	18.844653	0.053065
10.855932	186	17.133489	0.058365
9.930233	203	20.442623	0.048917
21.000000	137	6.523810	0.153285
11.236842	15	1.334895	0.749123
9.930233	211	21.248244	0.047063
10.586777	18	1.700234	0.588154
10.248000	213	20.784543	0.048113
10.855932	78	7.185012	0.139179
10.330645	15	1.451991	0.688710
8.958042	8	0.893052	1.119755
9.215827	212	23.003903	0.043471
10.855932	15	1.381733	0.723729
10.007812	194	19.384856	0.051587
20.661290	187	9.050742	0.110488
12.317308	29	2.354411	0.424735
11.043103	223	20.193599	0.049521
10.166667	12	1.180328	0.847222
10.166667	199	19.573770	0.051089
6.502538	185	28.450429	0.035149
11.139130	10	0.897736	1.113913
9.419118	195	20.702576	0.048303
8.773973	205	23.364559	0.042800
10.166667	78	7.672131	0.130342
11.645455	21	1.803279	0.554545
9.631579	193	20.038251	0.049905
10.948718	13	1.187354	0.842209
8.714286	204	23.409836	0.042717
17.791667	183	10.285714	0.097222
15.814815	85	5.374707	0.186057
11.971963	12	1.002342	0.997664
8.655405	182	21.027322	0.047557
11.645455	216	18.548009	0.053914
10.414634	188	18.051522	0.055397
12.084906	6	0.496487	2.014151
7.625000	176	23.081967	0.043324
8.714286	88	10.098361	0.099026
10.330645	177	17.133489	0.058365
7.038462	163	23.158470	0.043181
14.233333	192	13.489461	0.074132
10.764706	165	15.327869	0.065241
10.007812	169	16.886807	0.059218
11.645455	84	7.213115	0.138636
9.085106	165	18.161593	0.055061
18.838235	150	7.962529	0.125588
12.200000	64	5.245902	0.190625
11.139130	158	14.184231	0.070501
10.248000	38	3.708041	0.269684
9.778626	163	16.669009	0.059992
14.233333	21	1.475410	0.677778
9.021127	151	16.738486	0.059743
11.861111	157	13.236534	0.075548
10.500000	39	3.714286	0.269231
7.670659	143	18.642467	0.053641
14.556818	18	1.236534	0.808712
11.437500	173	15.125683	0.066113
9.350365	149	15.935207	0.062754
11.043103	168	15.213115	0.065733
20.333333	70	3.442623	0.290476
20.015625	92	4.596409	0.217561
14.895349	53	3.558158	0.281044
9.419118	152	16.137393	0.061968
10.855932	94	8.658860	0.115489
6.887097	133	19.311475	0.051783
18.565217	26	1.400468	0.714047
12.939394	180	13.911007	0.071886
11.437500	16	1.398907	0.714844
10.007812	156	15.587822	0.064153
13.627660	29	2.128025	0.469919
10.166667	17	1.672131	0.598039
10.586777	82	7.745511	0.129107
10.586777	162	15.302108	0.065350
9.778626	149	15.237315	0.065628
7.278409	144	19.784543	0.050545
9.704545	21	2.163934	0.462121
12.436893	84	6.754098	0.148058
11.336283	29	2.558158	0.390906
10.248000	163	15.905543	0.062871
9.419118	61	6.476190	0.154412
7.196629	148	20.565183	0.048626
23.290909	22	0.944575	1.058678
10.500000	172	16.380952	0.061047
10.414634	164	15.747073	0.063504
12.317308	30	2.435597	0.410577
9.419118	15	1.592506	0.627941
13.923913	186	13.358314	0.074860
10.500000	160	15.238095	0.065625
10.166667	16	1.573770	0.635417
11.236842	54	4.805621	0.208090
9.419118	82	8.705699	0.114867
9.350365	154	16.469945	0.060717
7.320000	146	19.945355	0.050137
11.236842	173	15.395785	0.064953
10.007812	48	4.796253	0.208496
10.675000	35	3.278689	0.305000
6.961957	151	21.689305	0.046106
19.409091	259	13.344262	0.074939
9.853846	170	17.252147	0.057964
9.150000	53	5.792350	0.172642
5.770270	141	24.435597	0.040924
21.350000	32	1.498829	0.667188
9.930233	58	5.840749	0.171211
9.631579	169	17.546448	0.056992
10.330645	46	4.452771	0.224579
5.618421	140	24.918033	0.040132
21.711864	34	1.565964	0.638584
9.778626	48	4.908665	0.203721
8.834483	167	18.903201	0.052901
6.405000	153	23.887588	0.041863
19.409091	33	1.700234	0.588154
13.206186	28	2.120219	0.471649
12.084906	41	3.392662	0.294754
9.930233	54	5.437939	0.183893
8.540000	173	20.257611	0.049364
8.773973	139	15.842311	0.063122
5.668142	144	25.405152	0.039362
22.875000	43	1.879781	0.531977
12.939394	209	16.152225	0.061911
9.419118	180	19.110070	0.052328
7.810976	59	7.553474	0.132389
5.744395	150	26.112412	0.038296
20.661290	48	2.323185	0.430444
13.774194	171	12.414520	0.080551
11.236842	65	5.784543	0.172874
10.166667	81	7.967213	0.125514
11.236842	6	0.533958	1.872807
11.971963	31	2.589383	0.386192
8.895833	185	20.796253	0.048086
5.744395	156	27.156909	0.036823
19.409091	50	2.576112	0.388182
11.336283	107	9.438720	0.105947
12.317308	167	13.558158	0.073756
10.330645	69	6.679157	0.149719
10.500000	134	12.761905	0.078358
10.166667	191	18.786885	0.053229
10.764706	78	7.245902	0.138009
5.985981	164	27.397346	0.036500
18.838235	48	2.548009	0.392463
10.764706	69	6.409836	0.156010
8.895833	184	20.683841	0.048347
11.540541	56	4.852459	0.206081
11.437500	125	10.928962	0.091500
11.043103	33	2.988290	0.334639
10.675000	42	3.934426	0.254167
10.166667	76	7.475410	0.133772
9.853846	103	10.452771	0.095668
6.248780	166	26.565183	0.037643
19.409091	46	2.370023	0.421937
11.861111	60	5.058548	0.197685
12.200000	139	11.393443	0.087770
9.631579	187	19.415301	0.051506
11.236842	203	18.065574	0.055354
10.007812	79	7.893833	0.126681
9.282609	25	2.693208	0.371304
7.535294	171	22.693208	0.044066
16.423077	164	9.985948	0.100141
16.012500	38	2.373146	0.421382
10.764706	52	4.830601	0.207014
10.007812	113	11.291179	0.088565
9.853846	187	18.977361	0.052694
23.290909	22	0.944575	1.058678
16.012500	37	2.310695	0.432770
11.861111	59	4.974239	0.201036
11.645455	67	5.753318	0.173813
9.631579	183	19.000000	0.052632
9.150000	108	11.803279	0.084722
18.300000	43	2.349727	0.425581
11.540541	61	5.285714	0.189189
10.764706	204	18.950820	0.052768
9.419118	187	19.853240	0.050370
9.150000	31	3.387978	0.295161
17.080000	42	2.459016	0.406667
13.484211	9	0.667447	1.498246
11.540541	58	5.025761	0.198975
12.436893	212	17.046058	0.058665
11.236842	37	3.292740	0.303698
9.150000	188	20.546448	0.048670
6.188406	164	26.501171	0.037734
12.436893	42	3.377049	0.296117
14.556818	38	2.610461	0.383074
12.084906	136	11.253708	0.088860
8.834483	185	20.940671	0.047754
6.218447	165	26.533958	0.037688
16.855263	40	2.373146	0.421382
11.861111	48	4.046838	0.247106
9.085106	186	20.473068	0.048845
10.586777	11	1.039032	0.962434
8.773973	24	2.735363	0.365582
6.279412	162	25.798595	0.038762
18.565217	69	3.716628	0.269061
14.895349	33	2.215457	0.451374
8.006250	184	22.982045	0.043512
11.139130	46	4.129586	0.242155
9.282609	188	20.252927	0.049376
10.330645	156	15.100703	0.066222
18.838235	179	9.501952	0.105242
16.012500	37	2.310695	0.432770
14.233333	57	4.004684	0.249708
11.336283	47	4.145980	0.241198
9.150000	188	20.546448	0.048670
10.007812	6	0.599532	1.667969
7.077348	170	24.020297	0.041631
16.423077	236	14.370023	0.069589
9.778626	192	19.634660	0.050930
10.764706	205	19.043716	0.052511
8.318182	17	2.043716	0.489305
7.038462	174	24.721311	0.040451
8.958042	187	20.875098	0.047904
10.086614	11	1.090554	0.916965
6.603093	167	25.291179	0.039539
9.631579	189	19.622951	0.050961
6.813830	167	24.508977	0.040801
18.042254	26	1.441062	0.693933
14.393258	38	2.640125	0.378770
10.414634	189	18.147541	0.055104
13.206186	65	4.921936	0.203172
11.139130	203	18.224044	0.054873
7.362069	171	23.227166	0.043053
11.971963	201	16.789227	0.059562
9.150000	175	19.125683	0.052286
8.895833	177	19.896956	0.050259
6.742105	154	22.841530	0.043780
9.021127	170	18.844653	0.053065
8.597315	169	19.657299	0.050872
11.043103	20	1.811085	0.552155
11.971963	26	2.171741	0.460460
10.166667	174	17.114754	0.058429
9.419118	167	17.729899	0.056402
11.236842	24	2.135831	0.468202
10.330645	166	16.068696	0.062233
10.855932	176	16.212334	0.061681
12.084906	195	16.135831	0.061974
11.139130	170	15.261514	0.065524
10.855932	25	2.302888	0.434237
12.939394	59	4.559719	0.219312
11.861111	10	0.843091	1.186111
11.752294	177	15.060890	0.066397
10.414634	31	2.976581	0.335956
10.586777	179	16.907884	0.059144
12.317308	202	16.399688	0.060977
12.084906	197	16.301327	0.061345
9.488889	26	2.740047	0.364957
12.436893	54	4.341920	0.230313
9.704545	24	2.473068	0.404356
11.971963	53	4.427010	0.225886
11.437500	63	5.508197	0.181548
9.778626	24	2.454333	0.407443
7.491228	151	20.156909	0.049611
10.166667	29	2.852459	0.350575
9.021127	20	2.217018	0.451056
8.318182	158	18.994536	0.052647
11.043103	61	5.523810	0.181034
9.631579	170	17.650273	0.056656
8.318182	22	2.644809	0.378099
12.200000	8	0.655738	1.525000
9.631579	170	17.650273	0.056656
8.107595	25	3.083528	0.324304
7.404624	155	20.932865	0.047772
10.166667	170	16.721311	0.059804
8.958042	25	2.790788	0.358322
7.625000	24	3.147541	0.317708
7.810976	158	20.227947	0.049437
9.778626	175	17.896175	0.055878
9.021127	32	3.547229	0.281910
7.447674	33	4.430913	0.225687
7.670659	164	21.380172	0.046772
18.565217	91	4.901639	0.204013
21.711864	160	7.369243	0.135699
17.310811	139	8.029664	0.124538
14.724138	154	10.459016	0.095611
10.586777	177	16.718970	0.059812
9.704545	43	4.430913	0.225687
8.159236	171	20.957845	0.047715
7.156425	39	5.449649	0.183498
14.393258	203	14.103825	0.070903
12.317308	7	0.568306	1.759615
9.631579	171	17.754098	0.056325
7.404624	160	21.608119	0.046279
6.279412	33	5.255269	0.190285
18.300000	219	11.967213	0.083562
11.437500	169	14.775956	0.067678
9.704545	171	17.620609	0.056752
8.372549	166	19.826698	0.050437
6.341584	42	6.622951	0.150990
11.971963	172	14.366901	0.069604
10.166667	42	4.131148	0.242063
8.895833	155	17.423888	0.057392
6.071090	45	7.412178	0.134913
6.671875	148	22.182670	0.045080
14.076923	233	16.551913	0.060416
11.645455	92	7.900078	0.126581
10.248000	41	4.000781	0.249951
9.282609	162	17.451991	0.057300
6.341584	54	8.515222	0.117437
21.711864	23	1.059329	0.943994
13.206186	195	14.765808	0.067724
11.971963	66	5.512881	0.181393
8.264516	157	18.996877	0.052640
9.559701	33	3.451991	0.289688
13.206186	66	4.997658	0.200094
9.930233	81	8.156909	0.122595
12.200000	175	14.344262	0.069714
11.336283	187	16.495706	0.060622
6.218447	145	23.317721	0.042886
11.437500	222	19.409836	0.051520
11.139130	45	4.039813	0.247536
9.021127	181	20.064012	0.049840
6.961957	167	23.987510	0.041688
10.586777	192	18.135831	0.055139
9.085106	85	9.355972	0.106884
6.924324	23	3.321624	0.301058
6.961957	170	24.418423	0.040953
22.875000	30	1.311475	0.762500
23.290909	164	7.041374	0.142018
7.763636	169	21.768150	0.045939
8.655405	166	19.178767	0.052141
20.333333	221	10.868852	0.092006
9.419118	169	17.942233	0.055734
21.350000	21	0.983607	1.016667
12.436893	68	5.467603	0.182895
8.483444	158	18.624512	0.053693
10.248000	150	14.637002	0.068320
8.958042	59	6.586261	0.151831
12.683168	132	10.407494	0.096085
12.084906	6	0.496487	2.014151
11.437500	190	16.612022	0.060197
12.436893	5	0.402030	2.487379
9.930233	199	20.039813	0.049901
6.248780	167	26.725215	0.037418
12.810000	27	2.107728	0.474444
11.861111	10	0.843091	1.186111
7.716867	189	24.491803	0.040830
8.834483	199	22.525371	0.044394
21.000000	112	5.333333	0.187500
13.627660	224	16.437158	0.060838
11.971963	175	14.617486	0.068411
12.084906	9	0.744731	1.342767
11.437500	18	1.573770	0.635417
8.834483	189	21.393443	0.046743
12.317308	203	16.480874	0.060676
12.317308	155	12.583919	0.079467
11.645455	7	0.601093	1.663636
10.166667	22	2.163934	0.462121
10.764706	71	6.595628	0.151616
9.021127	176	19.509758	0.051256
7.956522	169	21.240437	0.047080
5.693333	51	8.957845	0.111634
19.707692	25	1.268540	0.788308
12.683168	201	15.847775	0.063100
11.861111	4	0.337237	2.965278
8.107595	162	19.981265	0.050047
7.077348	159	22.466042	0.044512
18.300000	16	0.874317	1.143750
12.810000	155	12.099922	0.082645
11.971963	7	0.584699	1.710280
24.169811	124	5.130367	0.194918
10.855932	12	1.105386	0.904661
8.056604	187	23.210773	0.043083
5.693333	162	28.454333	0.035144
12.558824	35	2.786885	0.358824
9.853846	5	0.507416	1.970769
10.675000	222	20.796253	0.048086
8.483444	208	24.518345	0.040786
9.282609	154	16.590164	0.060277
7.447674	21	2.819672	0.354651
12.558824	43	3.423888	0.292066
11.645455	14	1.202186	0.831818
11.437500	223	19.497268	0.051289
8.834483	219	24.789227	0.040340
10.007812	183	18.285714	0.054688
7.116667	29	4.074941	0.245402
7.404624	206	27.820453	0.035945
21.711864	6	0.276347	3.618644
8.318182	38	4.568306	0.218900
10.586777	183	17.285714	0.057851
11.437500	227	19.846995	0.050385
10.586777	14	1.322404	0.756198
10.500000	34	3.238095	0.308824
10.007812	228	22.782201	0.043894
8.107595	214	26.395004	0.037886
21.350000	8	0.374707	2.668750
24.634615	82	3.328649	0.300422
11.645455	88	7.556596	0.132335
11.437500	15	1.311475	0.762500
10.764706	223	20.715847	0.048272
11.043103	232	21.008587	0.047600
10.675000	38	3.559719	0.280921
10.330645	186	18.004684	0.055541
11.437500	179	15.650273	0.063897
8.597315	221	25.705699	0.038902
5.930556	16	2.697892	0.370660
24.169811	236	9.764247	0.102414
12.084906	46	3.806401	0.262715
11.236842	239	21.269321	0.047016
11.752294	13	1.106167	0.904023
7.907407	35	4.426230	0.225926
11.236842	67	5.962529	0.167714
11.043103	92	8.330991	0.120034
11.336283	191	16.848556	0.059352
13.774194	79	5.735363	0.174357
12.200000	21	1.721311	0.580952
11.139130	43	3.860265	0.259050
11.861111	171	14.416862	0.069363
10.007812	13	1.298985	0.769832
10.675000	224	20.983607	0.047656
8.895833	222	24.955504	0.040071
6.777778	148	21.836066	0.045796
11.043103	15	1.358314	0.736207
10.414634	36	3.456674	0.289295
10.414634	38	3.648712	0.274069
9.778626	219	22.395785	0.044651
10.764706	92	8.546448	0.117008
9.853846	226	22.935207	0.043601
9.488889	227	23.922717	0.041801
10.414634	8	0.768150	1.301829
9.021127	185	20.507416	0.048763
6.706806	147	21.918033	0.045625
23.722222	147	6.196721	0.161376
24.634615	183	7.428571	0.134615
20.333333	190	9.344262	0.107018
11.139130	233	20.917252	0.047807
11.139130	39	3.501171	0.285619
11.043103	217	19.650273	0.050890
11.139130	24	2.154567	0.464130
10.500000	12	1.142857	0.875000
8.597315	178	20.704137	0.048300
9.704545	219	22.566745	0.044313
8.264516	217	26.256831	0.038085
22.875000	123	5.377049	0.185976
23.290909	254	10.905543	0.091696
15.621951	182	11.650273	0.085835
10.764706	13	1.207650	0.828054
9.853846	29	2.943013	0.339788
10.948718	187	17.079625	0.058549
10.330645	208	20.134270	0.049667
8.773973	206	23.478532	0.042592
10.948718	27	2.466042	0.405508
10.764706	10	0.928962	1.076471
10.586777	193	18.230289	0.054854
8.540000	191	22.365340	0.044712
8.483444	193	22.750195	0.043956
7.320000	191	26.092896	0.038325
24.169811	148	6.123341	0.163310
23.722222	234	9.864169	0.101377
11.540541	5	0.433255	2.308108
9.853846	175	17.759563	0.056308
8.714286	4	0.459016	2.178571
7.156425	168	23.475410	0.042598
16.012500	66	4.121780	0.242614
10.166667	9	0.885246	1.129630
10.500000	171	16.285714	0.061404
7.237288	161	22.245902	0.044952
13.071429	60	4.590164	0.217857
11.139130	10	0.897736	1.113913
11.236842	27	2.402810	0.416179
10.675000	169	15.831382	0.063166
11.645455	3	0.257611	3.881818
7.038462	156	22.163934	0.045118
18.565217	45	2.423888	0.412560
12.436893	58	4.663544	0.214429
11.861111	13	1.096019	0.912393
11.236842	26	2.313817	0.432186
7.156425	152	21.239657	0.047082
16.012500	141	8.805621	0.113564
15.814815	163	10.306792	0.097023
11.861111	13	1.096019	0.912393
10.166667	19	1.868852	0.535088
6.742105	142	21.061671	0.047480
5.849315	136	23.250585	0.043010
14.895349	159	10.674473	0.093681
12.317308	14	1.136612	0.879808
10.248000	130	12.685402	0.078831
11.139130	190	17.056987	0.058627
9.282609	66	7.110070	0.140646
7.116667	151	21.217799	0.047130
22.086207	181	8.195160	0.122023
10.764706	15	1.393443	0.717647
12.317308	161	13.071038	0.076505
11.971963	8	0.668228	1.496495
10.166667	181	17.803279	0.056169
7.579882	165	21.768150	0.045939
21.711864	133	6.125683	0.163247
10.166667	25	2.459016	0.406667
11.437500	10	0.874317	1.143750
10.675000	131	12.271663	0.081489
10.007812	34	3.397346	0.294347
12.436893	186	14.955504	0.066865
10.007812	208	20.783763	0.048114
10.764706	13	1.207650	0.828054
10.086614	45	4.461358	0.224147
9.853846	21	2.131148	0.469231
10.855932	170	15.659641	0.063858
9.704545	48	4.946136	0.202178
19.119403	102	5.334895	0.187445
11.139130	32	2.872756	0.348098
12.084906	239	19.776737	0.050564
20.015625	9	0.449649	2.223958
10.675000	39	3.653396	0.273718
10.414634	62	5.953162	0.167978
17.080000	86	5.035129	0.198605
12.084906	108	8.936768	0.111897
9.631579	37	3.841530	0.260313
6.218447	31	4.985168	0.200595
22.473684	10	0.444965	2.247368
14.076923	203	14.420765	0.069344
10.500000	65	6.190476	0.161538
11.540541	189	16.377049	0.061061
9.853846	32	3.247463	0.307933
7.156425	37	5.170180	0.193417
6.042453	140	23.169399	0.043160
21.711864	134	6.171741	0.162029
21.350000	169	7.915691	0.126331
13.206186	190	14.387198	0.069506
14.233333	66	4.637002	0.215657
12.317308	180	14.613583	0.068429
11.437500	96	8.393443	0.119141
10.166667	23	2.262295	0.442029
7.320000	30	4.098361	0.244000
7.196629	29	4.029664	0.248160
21.350000	246	11.522248	0.086789
13.484211	182	13.497268	0.074089
12.317308	171	13.882904	0.072031
8.159236	32	3.921936	0.254976
9.778626	21	2.147541	0.465649
8.895833	212	23.831382	0.041961
21.711864	246	11.330211	0.088260
16.636364	92	5.530055	0.180830
9.021127	37	4.101483	0.243814
14.233333	31	2.177986	0.459140
12.558824	154	12.262295	0.081551
11.336283	169	14.907884	0.067079
12.200000	179	14.672131	0.068156
10.764706	214	19.879781	0.050302
10.007812	19	1.898517	0.526727
11.139130	33	2.962529	0.337549
11.971963	245	20.464481	0.048865
23.722222	253	10.665105	0.093764
13.627660	91	6.677596	0.149755
8.540000	36	4.215457	0.237222
10.414634	16	1.536300	0.650915
11.043103	220	19.921936	0.050196
9.419118	154	16.349727	0.061163
7.716867	33	4.276347	0.233844
11.645455	175	15.027322	0.066545
11.645455	86	7.384856	0.135412
11.043103	27	2.444965	0.409004
9.704545	190	19.578454	0.051077
11.861111	27	2.276347	0.439300
8.264516	44	5.323966	0.187830
10.007812	227	22.682279	0.044087
8.318182	168	20.196721	0.049513
23.290909	270	11.592506	0.086263
13.627660	198	14.529274	0.068827
12.810000	101	7.884465	0.126832
11.336283	32	2.822795	0.354259
10.855932	168	15.475410	0.064619
6.961957	33	4.740047	0.210968
7.956522	216	27.147541	0.036836
20.015625	210	10.491803	0.095312
14.724138	105	7.131148	0.140230
13.774194	54	3.920375	0.255078
7.763636	41	5.281030	0.189357
11.437500	39	3.409836	0.293269
11.540541	209	18.110070	0.055218
11.236842	171	15.217799	0.065713
20.333333	209	10.278689	0.097289
12.810000	97	7.572209	0.132062
7.810976	40	5.120999	0.195274
11.861111	173	14.585480	0.068561
10.414634	28	2.688525	0.371951
11.861111	214	18.042155	0.055426
8.107595	214	26.395004	0.037886
14.393258	98	6.808743	0.146870
11.752294	241	20.506635	0.048765
12.317308	170	13.801717	0.072455
7.716867	33	4.276347	0.233844
10.086614	26	2.577674	0.387947
13.484211	93	6.896956	0.144992
10.330645	19	1.839188	0.543718
10.764706	232	21.551913	0.046400
10.330645	28	2.710383	0.368952
7.670659	28	3.650273	0.273952
9.282609	205	22.084309	0.045281
7.716867	203	26.306011	0.038014
11.861111	36	3.035129	0.329475
7.278409	26	3.572209	0.279939
11.236842	166	14.772834	0.067692
11.336283	224	19.759563	0.050608
7.116667	14	1.967213	0.508333
6.961957	203	29.158470	0.034295
6.742105	29	4.301327	0.232486
10.675000	206	19.297424	0.051820
11.437500	175	15.300546	0.065357
11.336283	233	20.553474	0.048654
10.166667	24	2.360656	0.423611
20.333333	3	0.147541	6.777778
11.540541	190	16.463700	0.060740
12.558824	212	16.880562	0.059240
9.778626	29	2.965652	0.337194
8.834483	22	2.490242	0.401567
6.603093	29	4.391881	0.227693
11.540541	192	16.637002	0.060107
9.930233	35	3.524590	0.283721
5.796380	22	3.795472	0.263472
23.722222	191	8.051522	0.124200
21.000000	232	11.047619	0.090517
11.043103	221	20.012490	0.049969
9.853846	36	3.653396	0.273718
5.693333	25	4.391101	0.227733
6.100000	34	5.573770	0.179412
10.764706	41	3.808743	0.262554
6.671875	37	5.545667	0.180321
11.540541	186	16.117096	0.062046
11.971963	242	20.213895	0.049471
7.763636	182	23.442623	0.042657
21.000000	7	0.333333	3.000000
7.810976	46	5.889149	0.169804
10.166667	230	22.622951	0.044203
9.419118	34	3.609680	0.277033
8.597315	45	5.234192	0.191051
10.007812	22	2.198283	0.454901
10.675000	229	21.451991	0.046616
7.362069	208	28.252927	0.035395
4.744444	77	16.229508	0.061616
14.724138	54	3.667447	0.272669
8.958042	38	4.241998	0.235738
9.282609	15	1.615925	0.618841
9.631579	160	16.612022	0.060197
10.500000	216	20.571429	0.048611
7.670659	198	25.812646	0.038741
5.271605	6	1.138173	0.878601
9.853846	43	4.363778	0.229159
11.752294	218	18.549571	0.053910
9.631579	12	1.245902	0.802632
8.372549	149	17.796253	0.056192
7.196629	192	26.679157	0.037482
4.641304	62	13.358314	0.074860
24.169811	236	9.764247	0.102414
13.627660	51	3.742389	0.267209
11.861111	17	1.433255	0.697712
11.540541	182	15.770492	0.063410
8.895833	38	4.271663	0.234101
8.107595	201	24.791569	0.040336
10.007812	209	20.883685	0.047884
9.085106	157	17.281030	0.057867
13.071429	23	1.759563	0.568323
9.150000	44	4.808743	0.207955
12.317308	94	7.631538	0.131035
10.330645	214	20.715066	0.048274
17.547945	203	11.568306	0.086443
17.791667	237	13.320843	0.075070
12.558824	193	15.367681	0.065072
9.282609	47	5.063232	0.197502
12.084906	23	1.903201	0.525431
10.855932	44	4.053084	0.246726
17.791667	234	13.152225	0.076033
11.861111	51	4.299766	0.232571
10.414634	54	5.185012	0.192864
11.645455	18	1.545667	0.646970
8.372549	206	24.604215	0.040643
11.236842	60	5.339578	0.187281
11.437500	48	4.196721	0.238281
9.419118	18	1.911007	0.523284
7.320000	202	27.595628	0.036238
11.645455	47	4.035909	0.247776
9.778626	20	2.045277	0.488931
9.282609	208	22.407494	0.044628
9.853846	32	3.247463	0.307933
10.007812	159	15.887588	0.062942
9.021127	6	0.665105	1.503521
15.070588	189	12.540984	0.079739
10.948718	39	3.562061	0.280736
8.159236	195	23.899297	0.041842
7.858896	198	25.194379	0.039691
20.661290	92	4.452771	0.224579
13.071429	192	14.688525	0.068080
9.853846	24	2.435597	0.410577
10.330645	165	15.971897	0.062610
8.655405	204	23.569087	0.042428
22.086207	204	9.236534	0.108266
19.409091	90	4.637002	0.215657
11.437500	209	18.273224	0.054725
11.336283	53	4.675254	0.213892
10.166667	33	3.245902	0.308081
11.437500	10	0.874317	1.143750
10.166667	161	15.836066	0.063147
19.409091	85	4.379391	0.228342
12.200000	166	13.606557	0.073494
12.558824	48	3.822014	0.261642
11.437500	198	17.311475	0.057765
10.166667	5	0.491803	2.033333
10.330645	31	3.000781	0.333247
10.330645	42	4.065574	0.245968
10.330645	176	17.036690	0.058697
9.631579	27	2.803279	0.356725
10.500000	19	1.809524	0.552632
11.645455	202	17.345824	0.057651
7.320000	168	22.950820	0.043571
21.350000	266	12.459016	0.080263
10.330645	13	1.258392	0.794665
9.350365	150	16.042155	0.062336
11.752294	10	0.850898	1.175229
7.763636	151	19.449649	0.051415
10.248000	141	13.758782	0.072681
11.139130	173	15.530835	0.064388
10.855932	112	10.316940	0.096928
9.419118	158	16.774395	0.059615
7.116667	133	18.688525	0.053509
18.300000	256	13.989071	0.071484
10.166667	145	14.262295	0.070115
11.861111	154	12.983607	0.077020
10.166667	164	16.131148	0.061992
13.484211	15	1.112412	0.898947
17.310811	12	0.693208	1.442568
11.971963	160	13.364559	0.074825
9.778626	154	15.748634	0.063498
11.336283	16	1.411397	0.708518
10.248000	165	16.100703	0.062109
8.895833	13	1.461358	0.684295
10.500000	181	17.238095	0.058011
21.350000	178	8.337237	0.119944
10.007812	29	2.897736	0.345097
9.778626	173	17.691647	0.056524
9.150000	193	21.092896	0.047409
11.861111	22	1.854801	0.539141
9.778626	182	18.612022	0.053729
9.559701	195	20.398126	0.049024
13.627660	38	2.788447	0.358623
9.930233	187	18.831382	0.053103
10.086614	145	14.375488	0.069563
10.330645	4	0.387198	2.582661
11.861111	37	3.119438	0.320571
10.166667	18	1.770492	0.564815
9.150000	182	19.890710	0.050275
7.810976	192	24.580796	0.040682
15.621951	51	3.264637	0.306313
11.540541	37	3.206089	0.311907
11.043103	198	17.929742	0.055773
10.248000	166	16.198283	0.061735
7.810976	197	25.220921	0.039650
9.021127	6	0.665105	1.503521
12.317308	16	1.298985	0.769832
10.500000	32	3.047619	0.328125
11.139130	207	18.583138	0.053812
7.447674	197	26.451210	0.037805
3.568245	36	10.088993	0.099118
21.711864	210	9.672131	0.103390
10.764706	40	3.715847	0.269118
11.752294	217	18.464481	0.054158
10.086614	25	2.478532	0.403465
10.007812	21	2.098361	0.476562
8.211538	214	26.060890	0.038372
7.716867	204	26.435597	0.037828
11.645455	204	17.517564	0.057086
9.282609	19	2.046838	0.488558
10.086614	174	17.250585	0.057969
9.350365	40	4.277908	0.233759
9.631579	182	18.896175	0.052921
7.156425	206	28.785324	0.034740
21.711864	4	0.184231	5.427966
14.895349	218	14.635441	0.068327
12.200000	244	20.000000	0.050000
8.895833	24	2.697892	0.370660
9.350365	44	4.705699	0.212508
7.956522	155	19.480874	0.051332
24.169811	231	9.557377	0.104631
10.675000	21	1.967213	0.508333
11.236842	45	4.004684	0.249708
9.085106	44	4.843091	0.206480
10.855932	222	20.449649	0.048901
8.372549	163	19.468384	0.051365
8.540000	179	20.960187	0.047709
7.077348	204	28.824356	0.034693
11.139130	13	1.167057	0.856856
9.488889	16	1.686183	0.593056
10.086614	218	21.612802	0.046269
8.655405	219	25.302108	0.039522
8.714286	25	2.868852	0.348571
7.320000	203	27.732240	0.036059
4.558719	70	15.355191	0.065125
8.834483	218	24.676034	0.040525
10.248000	18	1.756440	0.569333
11.540541	77	6.672131	0.149877
10.675000	108	10.117096	0.098843
10.248000	32	3.122560	0.320250
9.853846	85	8.626073	0.115928
7.907407	206	26.051522	0.038385
8.958042	220	24.558938	0.040718
9.488889	15	1.580796	0.632593
9.853846	16	1.623731	0.615865
10.948718	75	6.850117	0.145983
11.043103	228	20.646370	0.048435
9.559701	25	2.615144	0.382388
12.084906	241	19.942233	0.050145
9.215827	17	1.844653	0.542107
12.317308	247	20.053084	0.049868
8.483444	26	3.064793	0.326286
7.763636	17	2.189696	0.456684
19.409091	16	0.824356	1.213068
18.300000	226	12.349727	0.080973
11.861111	223	18.800937	0.053189
11.861111	52	4.384075	0.228098
8.427632	25	2.966432	0.337105
7.716867	34	4.405933	0.226967
5.770270	159	27.555035	0.036291
21.350000	21	0.983607	1.016667
15.250000	170	11.147541	0.089706
12.200000	142	11.639344	0.085915
11.236842	4	0.355972	2.809211
12.200000	34	2.786885	0.358824
8.107595	31	3.823575	0.261535
6.071090	169	27.836846	0.035924
21.000000	18	0.857143	1.166667
22.473684	214	9.522248	0.105017
14.724138	152	10.323185	0.096869
12.683168	133	10.486339	0.095362
12.558824	220	17.517564	0.057086
11.540541	4	0.346604	2.885135
8.895833	27	3.035129	0.329475
8.211538	27	3.288056	0.304131
20.015625	12	0.599532	1.667969
13.071429	28	2.142077	0.466837
11.752294	144	12.252927	0.081613
11.336283	211	18.612802	0.053726
7.716867	25	3.239657	0.308675
8.895833	27	3.035129	0.329475
12.084906	18	1.489461	0.671384
11.336283	222	19.583138	0.051064
9.085106	14	1.540984	0.648936
9.215827	220	23.871975	0.041890
6.961957	12	1.723653	0.580163
12.317308	147	11.934426	0.083791
11.861111	16	1.348946	0.741319
9.282609	26	2.800937	0.357023
10.948718	176	16.074941	0.062209
11.139130	216	19.391101	0.051570
11.437500	237	20.721311	0.048259
8.318182	12	1.442623	0.693182
7.579882	206	27.177205	0.036796
11.540541	156	13.517564	0.073978
11.437500	221	19.322404	0.051753
8.895833	20	2.248244	0.444792
8.958042	212	23.665886	0.042255
8.773973	10	1.139735	0.877397
20.333333	5	0.245902	4.066667
11.645455	167	14.340359	0.069733
9.778626	28	2.863388	0.349237
8.714286	14	1.606557	0.622449
12.200000	8	0.655738	1.525000
11.540541	16	1.386417	0.721284
12.084906	181	14.977361	0.066767
10.500000	224	21.333333	0.046875
9.631579	30	3.114754	0.321053
8.483444	95	11.198283	0.089299
8.597315	16	1.861046	0.537332
6.850267	103	15.035909	0.066507
21.350000	253	11.850117	0.084387
11.437500	14	1.224044	0.816964
10.007812	22	2.198283	0.454901
11.437500	130	11.366120	0.087981
9.559701	25	2.615144	0.382388
7.196629	100	13.895394	0.071966
12.317308	108	8.768150	0.114049
9.419118	122	12.952381	0.077206
11.336283	84	7.409836	0.134956
10.086614	205	20.323966	0.049203
7.077348	103	14.553474	0.068712
12.200000	150	12.295082	0.081333
12.558824	208	16.562061	0.060379
9.150000	18	1.967213	0.508333
11.236842	234	20.824356	0.048021
4.908046	71	14.466042	0.069127
11.645455	92	7.900078	0.126581
10.414634	201	19.299766	0.051814
11.645455	215	18.462139	0.054165
8.895833	26	2.922717	0.342147
9.704545	85	8.758782	0.114171
6.569231	110	16.744731	0.059720
11.540541	56	4.852459	0.206081
11.336283	14	1.234973	0.809735
8.427632	26	3.085090	0.324140
6.100000	110	18.032787	0.055455
10.330645	20	1.935988	0.516532
8.318182	34	4.087432	0.244652
7.858896	26	3.308353	0.302265
5.903226	116	19.650273	0.050890
19.707692	235	11.924278	0.083863
11.861111	25	2.107728	0.474444
8.895833	41	4.608899	0.216972
5.451064	116	21.280250	0.046992
23.722222	49	2.065574	0.484127
10.086614	66	6.543326	0.152827
8.211538	21	2.557377	0.391026
8.655405	35	4.043716	0.247297
6.341584	137	21.603435	0.046289
12.683168	220	17.345824	0.057651
8.714286	26	2.983607	0.335165
11.043103	70	6.338798	0.157759
9.021127	38	4.212334	0.237398
12.200000	232	19.016393	0.052586
11.437500	19	1.661202	0.601974
8.655405	35	4.043716	0.247297
9.021127	58	6.429352	0.155537
7.404624	36	4.861827	0.205684
5.083333	106	20.852459	0.047956
21.000000	31	1.476190	0.677419
12.317308	81	6.576112	0.152066
21.000000	151	7.190476	0.139073
11.752294	173	14.720531	0.067932
7.579882	38	5.013271	0.199471
7.278409	26	3.572209	0.279939
16.636364	148	8.896175	0.112408
12.317308	67	5.439500	0.183840
9.778626	15	1.533958	0.651908
10.248000	67	6.537861	0.152955
11.336283	180	15.878220	0.062979
6.961957	36	5.170960	0.193388
8.318182	35	4.207650	0.237662
18.838235	105	5.573770	0.179412
12.436893	104	8.362217	0.119586
12.436893	76	6.110851	0.163643
9.930233	62	6.243560	0.160165
10.007812	17	1.698673	0.588695
8.540000	31	3.629977	0.275484
7.404624	36	4.861827	0.205684
10.855932	13	1.197502	0.835072
12.317308	190	15.425449	0.064828
8.714286	28	3.213115	0.311224
9.021127	31	3.436378	0.291004
8.427632	176	20.883685	0.047884
9.778626	7	0.715847	1.396947
8.264516	23	2.782982	0.359327
7.404624	208	28.090554	0.035599
10.166667	231	22.721311	0.044012
11.752294	91	7.743169	0.129146
8.372549	205	24.484778	0.040842
8.006250	20	2.498048	0.400312
25.620000	25	0.975800	1.024800
22.875000	244	10.666667	0.093750
22.473684	4	0.177986	5.618421
12.939394	95	7.341920	0.136204
8.318182	211	25.366120	0.039423
8.211538	17	2.070258	0.483032
6.961957	192	27.578454	0.036260
12.558824	92	7.325527	0.136509
8.211538	192	23.381733	0.042768
8.006250	8	0.999219	1.000781
7.278409	196	26.928962	0.037135
7.810976	15	1.920375	0.520732
6.671875	92	13.789227	0.072520
22.875000	16	0.699454	1.429688
20.015625	210	10.491803	0.095312
11.236842	46	4.093677	0.244279
10.855932	85	7.829820	0.127717
9.350365	200	21.389539	0.046752
7.447674	202	27.122560	0.036870
7.491228	7	0.934426	1.070175
20.333333	212	10.426230	0.095912
13.343750	220	16.487119	0.060653
11.861111	158	13.320843	0.075070
8.264516	14	1.693989	0.590323
10.855932	44	4.053084	0.246726
10.414634	87	8.353630	0.119708
7.404624	201	27.145199	0.036839
7.491228	192	25.629977	0.039017
6.850267	12	1.751756	0.570856
8.372549	17	2.030445	0.492503
7.716867	19	2.462139	0.406151
8.372549	192	22.932084	0.043607
7.491228	197	26.297424	0.038027
6.373134	189	29.655738	0.033720
8.006250	13	1.623731	0.615865
11.645455	176	15.113193	0.066167
8.834483	200	22.638564	0.044172
6.924324	197	28.450429	0.035149
7.237288	11	1.519906	0.657935
7.763636	200	25.761124	0.038818
8.318182	11	1.322404	0.756198
7.278409	14	1.923497	0.519886
6.502538	193	29.680718	0.033692
10.948718	228	20.824356	0.048021
8.107595	216	26.641686	0.037535
7.320000	12	1.639344	0.610000
7.956522	11	1.382514	0.723320
5.359833	86	16.045277	0.062324
18.300000	138	7.540984	0.132609
16.636364	220	13.224044	0.075620
10.764706	17	1.579235	0.633218
8.107595	13	1.603435	0.623661
7.447674	14	1.879781	0.531977
7.404624	205	27.685402	0.036120
21.711864	5	0.230289	4.342373
12.084906	168	13.901639	0.071934
9.559701	13	1.359875	0.735362
8.056604	14	1.737705	0.575472
8.056604	215	26.686183	0.037473
7.038462	13	1.846995	0.541420
10.764706	174	16.163934	0.061866
8.211538	19	2.313817	0.432186
9.930233	7	0.704918	1.418605
6.502538	17	2.614364	0.382502
7.763636	173	22.283372	0.044877
16.855263	32	1.898517	0.526727
11.540541	94	8.145199	0.122772
7.116667	18	2.529274	0.395370
6.014085	17	2.826698	0.353770
13.343750	94	7.044496	0.141955
8.107595	21	2.590164	0.386076
6.218447	15	2.412178	0.414563
6.535714	112	17.136612	0.058355
13.343750	195	14.613583	0.068429
12.558824	32	2.548009	0.392463
7.956522	13	1.633880	0.612040
8.773973	224	25.530055	0.039170
6.887097	199	28.894614	0.034609
6.502538	100	15.378610	0.065025
14.556818	251	17.242779	0.057995
11.336283	223	19.671351	0.050835
11.043103	8	0.724434	1.380388
8.211538	14	1.704918	0.586538
9.150000	226	24.699454	0.040487
7.320000	13	1.775956	0.563077
6.850267	198	28.903981	0.034597
17.080000	257	15.046838	0.066459
13.923913	5	0.359094	2.784783
8.107595	14	1.726776	0.579114
6.603093	196	29.683060	0.033689
23.722222	37	1.559719	0.641141
23.722222	122	5.142857	0.194444
15.070588	254	16.854020	0.059333
11.139130	154	13.825137	0.072332
8.264516	14	1.693989	0.590323
7.535294	208	27.603435	0.036227
6.405000	7	1.092896	0.915000
12.939394	17	1.313817	0.761141
16.855263	260	15.425449	0.064828
10.330645	224	21.683060	0.046119
8.483444	17	2.003903	0.499026
16.855263	30	1.779859	0.561842
8.834483	216	24.449649	0.040900
8.264516	16	1.935988	0.516532
7.196629	13	1.806401	0.553587
12.436893	17	1.366901	0.731582
9.853846	213	21.615925	0.046262
8.264516	15	1.814988	0.550968
10.414634	89	8.545667	0.117018
10.007812	15	1.498829	0.667188
7.362069	207	28.117096	0.035566
8.427632	10	1.186573	0.842763
11.971963	206	17.206870	0.058116
9.419118	171	18.154567	0.055083
10.166667	6	0.590164	1.694444
10.855932	87	8.014052	0.124781
7.362069	198	26.894614	0.037182
7.625000	206	27.016393	0.037015
11.336283	231	20.377049	0.049075
12.436893	18	1.447307	0.690939
8.597315	12	1.395785	0.716443
11.043103	64	5.795472	0.172548
9.853846	78	7.915691	0.126331
7.196629	194	26.957065	0.037096
19.409091	32	1.648712	0.606534
18.565217	196	10.557377	0.094720
8.834483	219	24.789227	0.040340
8.655405	14	1.617486	0.618243
8.318182	12	1.442623	0.693182
7.404624	206	27.820453	0.035945
8.483444	42	4.950820	0.201987
9.778626	107	10.942233	0.091389
20.015625	136	6.794692	0.147174
8.597315	13	1.512100	0.661332
12.200000	55	4.508197	0.221818
7.447674	207	27.793911	0.035979
14.895349	211	14.165496	0.070594
16.855263	122	7.238095	0.138158
11.540541	53	4.592506	0.217746
9.215827	14	1.519126	0.658273
7.156425	204	28.505855	0.035081
7.000000	200	28.571429	0.035000
19.409091	219	11.283372	0.088626
17.310811	87	5.025761	0.198975
11.540541	52	4.505855	0.221933
8.211538	10	1.217799	0.821154
9.778626	177	18.100703	0.055246
11.336283	223	19.671351	0.050835
7.716867	210	27.213115	0.036747
12.200000	92	7.540984	0.132609
10.414634	51	4.896956	0.204209
8.427632	15	1.779859	0.561842
7.670659	210	27.377049	0.036527
8.211538	198	24.112412	0.041472
23.290909	12	0.515222	1.940909
7.579882	16	2.110851	0.473743
20.015625	9	0.449649	2.223958
7.670659	14	1.825137	0.547904
18.838235	221	11.731460	0.085241
11.336283	11	0.970336	1.030571
10.948718	93	8.494145	0.117728
9.215827	10	1.085090	0.921583
7.447674	17	2.282592	0.438098
8.107595	22	2.713505	0.368527
11.752294	3	0.255269	3.917431
10.675000	96	8.992974	0.111198
21.350000	267	12.505855	0.079963
7.763636	17	2.189696	0.456684
9.282609	142	15.297424	0.065370
18.042254	199	11.029664	0.090665
19.707692	138	7.002342	0.142809
11.752294	8	0.680718	1.469037
9.631579	20	2.076503	0.481579
7.491228	17	2.269321	0.440660
14.724138	193	13.107728	0.076291
10.500000	22	2.095238	0.477273
10.586777	102	9.634660	0.103792
11.336283	192	16.936768	0.059043
7.362069	16	2.173302	0.460129
12.683168	185	14.586261	0.068558
11.752294	34	2.893052	0.345656
11.236842	25	2.224824	0.449474
6.850267	12	1.751756	0.570856
19.409091	31	1.597190	0.626100
10.948718	19	1.735363	0.576248
9.704545	44	4.533958	0.220558
6.777778	13	1.918033	0.521368
21.000000	19	0.904762	1.105263
18.300000	30	1.639344	0.610000
19.119403	174	9.100703	0.109882
8.773973	27	3.077283	0.324962
7.237288	17	2.348946	0.425723
21.350000	18	0.843091	1.186111
7.156425	17	2.375488	0.420966
12.810000	137	10.694770	0.093504
8.714286	33	3.786885	0.264069
9.419118	104	11.041374	0.090568
6.924324	16	2.310695	0.432770
20.661290	258	12.487119	0.080083
11.645455	40	3.434817	0.291136
9.282609	16	1.723653	0.580163
6.706806	10	1.491023	0.670681
18.042254	30	1.662763	0.601408
8.895833	18	2.023419	0.494213
10.948718	231	21.098361	0.047397
10.500000	33	3.142857	0.318182
7.077348	10	1.412959	0.707735
12.558824	86	6.847775	0.146033
8.264516	22	2.661983	0.375660
9.631579	226	23.464481	0.042618
9.704545	223	22.978923	0.043518
10.166667	225	22.131148	0.045185
11.540541	30	2.599532	0.384685
7.535294	10	1.327088	0.753529
10.500000	78	7.428571	0.134615
10.675000	20	1.873536	0.533750
11.236842	233	20.735363	0.048227
7.716867	14	1.814208	0.551205
8.372549	208	24.843091	0.040253
20.661290	263	12.729118	0.078560
10.086614	82	8.129586	0.123007
6.924324	9	1.299766	0.769369
12.200000	129	10.573770	0.094574
11.861111	5	0.421546	2.372222
10.675000	33	3.091335	0.323485
9.631579	92	9.551913	0.104691
7.404624	20	2.701015	0.370231
12.084906	235	19.445746	0.051425
11.540541	100	8.665105	0.115405
11.645455	7	0.601093	1.663636
10.414634	36	3.456674	0.289295
11.236842	97	8.632319	0.115844
10.948718	127	11.599532	0.086210
6.813830	19	2.788447	0.358623
9.021127	89	9.865730	0.101361
9.778626	37	3.783763	0.264287
6.671875	16	2.398126	0.416992
12.683168	34	2.680718	0.373034
7.858896	31	3.944575	0.253513
10.948718	41	3.744731	0.267042
9.150000	90	9.836066	0.101667
8.714286	88	10.098361	0.099026
7.535294	20	2.654176	0.376765
8.540000	78	9.133489	0.109487
11.540541	232	20.103044	0.049744
11.236842	22	1.957845	0.510766
10.414634	43	4.128806	0.242201
8.264516	18	2.177986	0.459140
21.350000	17	0.796253	1.255882
7.956522	14	1.759563	0.568323
8.211538	77	9.377049	0.106643
12.200000	240	19.672131	0.050833
8.372549	26	3.105386	0.322021
8.597315	84	9.770492	0.102349
12.436893	85	6.834504	0.146316
9.853846	140	14.207650	0.070385
10.414634	102	9.793911	0.102104
10.007812	196	19.584699	0.051060
7.077348	17	2.402030	0.416315
21.711864	55	2.533177	0.394761
10.248000	97	9.465262	0.105649
10.500000	113	10.761905	0.092920
7.810976	23	2.944575	0.339608
8.958042	134	14.958626	0.066851
25.117647	51	2.030445	0.492503
21.000000	185	8.809524	0.113514
13.923913	142	10.198283	0.098056
12.436893	80	6.432475	0.155461
12.436893	31	2.492584	0.401190
7.810976	24	3.072600	0.325457
9.778626	19	1.943013	0.514665
9.488889	139	14.648712	0.068265
16.215190	18	1.110070	0.900844
11.336283	98	8.644809	0.115676
12.810000	136	10.616706	0.094191
12.558824	229	18.234192	0.054842
9.215827	144	15.625293	0.063999
7.000000	13	1.857143	0.538462
21.350000	5	0.234192	4.270000
20.661290	186	9.002342	0.111082
12.084906	128	10.591725	0.094413
13.206186	152	11.509758	0.086883
11.752294	225	19.145199	0.052232
9.853846	63	6.393443	0.156410
7.237288	14	1.934426	0.516949
20.661290	185	8.953942	0.111683
11.971963	8	0.668228	1.496495
10.166667	97	9.540984	0.104811
12.084906	236	19.528493	0.051207
11.645455	136	11.678376	0.085628
7.447674	17	2.282592	0.438098
10.166667	74	7.278689	0.137387
21.000000	183	8.714286	0.114754
11.645455	147	12.622951	0.079221
11.971963	236	19.712724	0.050729
11.236842	84	7.475410	0.133772
6.850267	11	1.605777	0.622752
11.236842	223	19.845433	0.050389
10.007812	132	13.189696	0.075817
6.850267	11	1.605777	0.622752
8.540000	214	25.058548	0.039907
8.107595	65	8.017174	0.124732
12.436893	142	11.417642	0.087584
9.488889	72	7.587822	0.131790
9.559701	19	1.987510	0.503142
7.579882	14	1.846995	0.541420
10.166667	227	22.327869	0.044787
6.310345	8	1.267760	0.788793
20.661290	222	10.744731	0.093069
12.939394	119	9.196721	0.108734
10.500000	132	12.571429	0.079545
8.655405	196	22.644809	0.044160
7.625000	204	26.754098	0.037377
7.670659	5	0.651835	1.534132
13.774194	118	8.566745	0.116730
11.752294	138	11.742389	0.085162
8.895833	214	24.056206	0.041569
8.773973	14	1.595628	0.626712
10.330645	65	6.291959	0.158933
9.559701	198	20.711944	0.048281
8.107595	200	24.668228	0.040538
11.336283	141	12.437939	0.080399
8.655405	210	24.262295	0.041216
11.043103	74	6.701015	0.149231
9.778626	22	2.249805	0.444483
7.716867	193	25.010148	0.039984
23.722222	2	0.084309	11.861111
14.556818	8	0.549571	1.819602
11.043103	125	11.319282	0.088345
8.540000	193	22.599532	0.044249
7.907407	193	24.407494	0.040971
6.961957	192	27.578454	0.036260
12.317308	142	11.528493	0.086742
11.971963	7	0.584699	1.710280
7.579882	199	26.253708	0.038090
7.716867	6	0.777518	1.286145
6.100000	187	30.655738	0.032620
18.565217	222	11.957845	0.083627
9.778626	213	21.782201	0.045909
7.810976	11	1.408275	0.710089
7.858896	212	26.975800	0.037070
9.021127	215	23.832943	0.041959
7.670659	12	1.564403	0.639222
22.875000	198	8.655738	0.115530
13.774194	72	5.227166	0.191308
10.675000	229	21.451991	0.046616
7.810976	12	1.536300	0.650915
22.086207	198	8.964871	0.111546
18.565217	79	4.255269	0.235003
12.084906	209	17.294301	0.057823
8.895833	221	24.843091	0.040253
7.447674	11	1.476971	0.677061
19.707692	214	10.858704	0.092092
10.166667	30	2.950820	0.338889
8.895833	215	24.168618	0.041376
8.159236	8	0.980484	1.019904
10.764706	190	17.650273	0.056656
9.350365	26	2.780640	0.359629
7.956522	201	25.262295	0.039585
13.206186	185	14.008587	0.071385
12.810000	34	2.654176	0.376765
10.764706	207	19.229508	0.052003
11.043103	9	0.814988	1.227011
9.853846	26	2.638564	0.378994
9.150000	154	16.830601	0.059416
7.447674	193	25.914130	0.038589
20.661290	194	9.389539	0.106501
11.236842	52	4.627635	0.216093
9.704545	19	1.957845	0.510766
11.645455	176	15.113193	0.066167
12.084906	204	16.880562	0.059240
7.278409	180	24.730679	0.040436
9.930233	18	1.812646	0.551680
8.655405	190	21.951600	0.045555
11.336283	148	13.055425	0.076597
10.414634	193	18.531616	0.053962
10.007812	214	21.383294	0.046765
10.855932	151	13.909446	0.071894
9.778626	17	1.738486	0.575213
20.661290	111	5.372365	0.186138
10.086614	199	19.729118	0.050687
12.200000	220	18.032787	0.055455
8.958042	14	1.562842	0.639860
10.166667	21	2.065574	0.484127
10.675000	204	19.110070	0.052328
10.414634	7	0.672131	1.487805
10.675000	205	19.203747	0.052073
10.248000	53	5.171741	0.193358
6.961957	189	27.147541	0.036836
5.744395	170	29.594067	0.033791
5.207317	130	24.964871	0.040056
21.711864	127	5.849336	0.170960
12.436893	66	5.306792	0.188438
11.540541	10	0.866511	1.154054
10.330645	214	20.715066	0.048274
7.320000	197	26.912568	0.037157
5.770270	181	31.367681	0.031880
17.547945	128	7.294301	0.137093
11.752294	70	5.956284	0.167890
10.414634	221	21.220141	0.047125
11.437500	12	1.049180	0.953125
7.579882	8	1.055425	0.947485
11.540541	65	5.632319	0.177547
8.714286	201	23.065574	0.043355
10.330645	217	21.005464	0.047607
10.675000	13	1.217799	0.821154
11.752294	57	4.850117	0.206181
16.855263	93	5.517564	0.181239
8.540000	208	24.355972	0.041058
7.404624	181	24.444184	0.040910
12.939394	60	4.637002	0.215657
10.500000	224	21.333333	0.046875
7.237288	187	25.838407	0.038702
16.855263	74	4.390320	0.227774
13.071429	213	16.295082	0.061368
11.139130	6	0.538642	1.856522
10.166667	209	20.557377	0.048644
8.655405	58	6.701015	0.149231
6.961957	190	27.291179	0.036642
11.437500	12	1.049180	0.953125
11.540541	71	6.152225	0.162543
11.752294	207	17.613583	0.056774
11.043103	187	16.933646	0.059054
9.282609	216	23.269321	0.042975
7.858896	9	1.145199	0.873211
11.043103	24	2.173302	0.460129
9.853846	223	22.630757	0.044188
9.930233	36	3.625293	0.275840
8.211538	16	1.948478	0.513221
13.774194	93	6.751756	0.148110
10.500000	19	1.809524	0.552632
9.021127	19	2.106167	0.474796
6.850267	7	1.021858	0.978610
22.086207	234	10.594848	0.094385
13.484211	222	16.463700	0.060740
10.414634	20	1.920375	0.520732
7.579882	20	2.638564	0.378994
13.484211	67	4.968774	0.201257
11.437500	54	4.721311	0.211806
11.236842	216	19.222482	0.052022
9.350365	13	1.390320	0.719259
6.924324	13	1.877440	0.532640
13.206186	219	16.583138	0.060302
10.586777	45	4.250585	0.235262
12.317308	243	19.728337	0.050689
10.500000	12	1.142857	0.875000
9.215827	7	0.759563	1.316547
15.070588	220	14.597970	0.068503
10.855932	168	15.475410	0.064619
9.350365	213	22.779859	0.043898
8.895833	6	0.674473	1.482639
6.706806	7	1.043716	0.958115
19.409091	228	11.747073	0.085128
9.930233	225	22.658080	0.044134
10.330645	212	20.521468	0.048729
12.084906	46	3.806401	0.262715
10.414634	206	19.779859	0.050556
12.558824	92	7.325527	0.136509
11.645455	211	18.118657	0.055192
10.500000	229	21.809524	0.045852
9.215827	11	1.193599	0.837802
6.742105	5	0.741608	1.348421
20.015625	101	5.046058	0.198175
11.752294	240	20.421546	0.048968
10.414634	209	20.067916	0.049831
7.491228	14	1.868852	0.535088
14.076923	207	14.704918	0.068004
12.683168	214	16.872756	0.059267
10.675000	13	1.217799	0.821154
21.350000	89	4.168618	0.239888
12.200000	89	7.295082	0.137079
10.500000	208	19.809524	0.050481
8.483444	217	25.579235	0.039094
7.579882	22	2.902420	0.344540
16.423077	82	4.992974	0.200281
13.071429	216	16.524590	0.060516
11.752294	88	7.487900	0.133549
12.317308	224	18.185792	0.054988
9.215827	219	23.763466	0.042081
9.488889	32	3.372365	0.296528
7.362069	6	0.814988	1.227011
18.838235	85	4.512100	0.221626
20.661290	227	10.986729	0.091019
9.419118	32	3.397346	0.294347
10.948718	84	7.672131	0.130342
11.645455	208	17.861046	0.055988
9.778626	216	22.088993	0.045271
7.858896	212	26.975800	0.037070
9.778626	219	22.395785	0.044651
11.645455	214	18.376269	0.054418
9.631579	76	7.890710	0.126731
7.038462	205	29.125683	0.034334
7.237288	14	1.934426	0.516949
12.558824	10	0.796253	1.255882
9.488889	216	22.763466	0.043930
9.704545	75	7.728337	0.129394
12.084906	216	17.873536	0.055949
10.248000	113	11.026542	0.090690
6.218447	192	30.875878	0.032388
9.778626	219	22.395785	0.044651
11.336283	110	9.703357	0.103057
12.558824	217	17.278689	0.057875
8.714286	223	25.590164	0.039078
10.007812	32	3.197502	0.312744
11.336283	86	7.586261	0.131817
10.586777	6	0.566745	1.764463
13.484211	9	0.667447	1.498246
9.853846	85	8.626073	0.115928
11.645455	209	17.946916	0.055720
10.855932	51	4.697892	0.212861
11.236842	102	9.077283	0.110165
9.559701	214	22.385636	0.044672
8.540000	191	22.365340	0.044712
7.447674	205	27.525371	0.036330
11.139130	228	20.468384	0.048856
12.558824	7	0.557377	1.794118
10.675000	102	9.555035	0.104657
11.861111	221	18.632319	0.053670
7.156425	200	27.946916	0.035782
18.838235	228	12.103044	0.082624
12.317308	10	0.811866	1.231731
13.071429	86	6.579235	0.151993
11.645455	96	8.243560	0.121307
8.834483	213	24.110070	0.041476
12.436893	11	0.884465	1.130627
16.012500	15	0.936768	1.067500
10.855932	107	9.856362	0.101457
10.855932	59	5.434817	0.183999
10.948718	235	21.463700	0.046590
8.895833	90	10.117096	0.098843
15.070588	129	8.559719	0.116826
11.645455	12	1.030445	0.970455
11.752294	65	5.530835	0.180805
10.330645	93	9.002342	0.111082
10.675000	49	4.590164	0.217857
10.248000	24	2.341920	0.427000
11.540541	84	7.278689	0.137387
10.248000	107	10.441062	0.095776
10.948718	235	21.463700	0.046590
22.875000	229	10.010929	0.099891
13.923913	88	6.320062	0.158226
11.139130	8	0.718189	1.392391
9.488889	222	23.395785	0.042743
10.007812	43	4.296643	0.232740
10.330645	96	9.292740	0.107611
9.021127	92	10.198283	0.098056
21.711864	232	10.685402	0.093586
13.343750	111	8.318501	0.120214
8.834483	90	10.187354	0.098161
10.007812	225	22.482436	0.044479
10.764706	41	3.808743	0.262554
9.930233	43	4.330211	0.230936
11.437500	5	0.437158	2.287500
10.248000	231	22.540984	0.044364
11.540541	7	0.606557	1.648649
9.085106	101	11.117096	0.089952
8.834483	37	4.188134	0.238770
11.043103	235	21.280250	0.046992
22.086207	238	10.775956	0.092799
11.540541	129	11.177986	0.089462
10.764706	220	20.437158	0.048930
11.336283	15	1.323185	0.755752
11.437500	74	6.469945	0.154561
8.483444	39	4.597190	0.217524
7.196629	88	12.227947	0.081780
12.317308	62	5.033568	0.198666
12.683168	147	11.590164	0.086280
11.236842	22	1.957845	0.510766
9.559701	23	2.405933	0.415639
10.166667	63	6.196721	0.161376
9.085106	103	11.337237	0.088205
12.200000	9	0.737705	1.355556
11.236842	127	11.302108	0.088479
9.021127	104	11.528493	0.086742
8.483444	40	4.715066	0.212086
11.540541	69	5.978923	0.167254
9.215827	22	2.387198	0.418901
7.000000	12	1.714286	0.583333
19.409091	130	6.697892	0.149301
9.488889	36	3.793911	0.263580
10.166667	222	21.836066	0.045796
12.084906	122	10.095238	0.099057
8.655405	12	1.386417	0.721284
7.077348	75	10.597190	0.094365
7.579882	207	27.309133	0.036618
15.250000	115	7.540984	0.132609
10.330645	103	9.970336	0.100298
8.958042	30	3.348946	0.298601
10.948718	131	11.964871	0.083578
11.861111	202	17.030445	0.058718
9.488889	209	22.025761	0.045401
10.948718	115	10.503513	0.095206
12.683168	97	7.647931	0.130754
12.558824	203	16.163934	0.061866
13.484211	94	6.971116	0.143449
11.437500	59	5.158470	0.193856
9.150000	28	3.060109	0.326786
11.437500	110	9.617486	0.103977
10.855932	145	13.356753	0.074868
8.211538	201	24.477752	0.040853
7.625000	201	26.360656	0.037935
10.500000	115	10.952381	0.091304
13.484211	101	7.490242	0.133507
14.393258	28	1.945355	0.514045
12.436893	96	7.718970	0.129551
9.488889	209	22.025761	0.045401
10.007812	29	2.897736	0.345097
11.861111	58	4.889930	0.204502
11.540541	50	4.332553	0.230811
22.086207	162	7.334895	0.136335
11.971963	96	8.018735	0.124708
9.778626	209	21.373146	0.046788
12.317308	97	7.875098	0.126983
11.336283	146	12.879001	0.077646
9.488889	105	11.065574	0.090370
9.488889	23	2.423888	0.412560
9.930233	57	5.740047	0.174215
9.853846	125	12.685402	0.078831
12.683168	100	7.884465	0.126832
8.597315	205	23.844653	0.041938
10.500000	147	14.000000	0.071429
9.930233	34	3.423888	0.292066
10.948718	62	5.662763	0.176592
8.597315	98	11.398907	0.087728
19.119403	244	12.761905	0.078358
10.764706	123	11.426230	0.087518
11.043103	160	14.488681	0.069019
11.540541	56	4.852459	0.206081
11.645455	95	8.157689	0.122584
8.655405	196	22.644809	0.044160
7.625000	86	11.278689	0.088663
11.437500	126	11.016393	0.090774
9.778626	95	9.715066	0.102933
11.236842	85	7.564403	0.132198
8.895833	185	20.796253	0.048086
10.166667	37	3.639344	0.274775
12.084906	88	7.281811	0.137328
15.250000	143	9.377049	0.106643
9.282609	93	10.018735	0.099813
10.948718	17	1.552693	0.644042
9.778626	16	1.636222	0.611164
7.716867	174	22.548009	0.044350
16.423077	237	14.430913	0.069296
11.861111	138	11.634660	0.085950
10.500000	86	8.190476	0.122093
9.778626	44	4.499610	0.222241
8.597315	96	11.166276	0.089555
9.488889	193	20.339578	0.049165
8.211538	191	23.259953	0.042992
9.215827	177	19.206089	0.052067
21.711864	196	9.027322	0.110775
16.855263	67	3.975020	0.251571
11.336283	145	12.790788	0.078181
9.631579	203	21.076503	0.047446
10.330645	97	9.389539	0.106501
7.956522	103	12.945355	0.077248
9.853846	48	4.871194	0.205288
11.861111	66	5.564403	0.179714
10.086614	105	10.409836	0.096063
7.763636	115	14.812646	0.067510
9.488889	215	22.658080	0.044134
11.236842	40	3.559719	0.280921
11.971963	42	3.508197	0.285047
10.248000	12	1.170960	0.854000
11.971963	69	5.763466	0.173507
9.853846	111	11.264637	0.088773
11.437500	44	3.846995	0.259943
9.150000	220	24.043716	0.041591
9.853846	41	4.160812	0.240338
7.716867	118	15.291179	0.065397
13.071429	67	5.125683	0.195096
9.704545	108	11.128806	0.089857
7.625000	186	24.393443	0.040995
8.655405	122	14.095238	0.070946
11.043103	236	21.370804	0.046793
10.500000	188	17.904762	0.055851
7.858896	213	27.103044	0.036896
22.086207	208	9.417642	0.106184
10.414634	68	6.529274	0.153156
10.675000	119	11.147541	0.089706
9.853846	149	15.120999	0.066133
9.488889	36	3.793911	0.263580
8.834483	49	5.546448	0.180296
10.330645	66	6.388759	0.156525
9.350365	121	12.940671	0.077276
9.419118	40	4.246682	0.235478
10.586777	72	6.800937	0.147039
11.139130	170	15.261514	0.065524
10.855932	131	12.067135	0.082870
12.810000	218	17.017955	0.058761
9.150000	60	6.557377	0.152500
10.500000	71	6.761905	0.147887
11.043103	229	20.736924	0.048223
20.015625	116	5.795472	0.172548
10.248000	131	12.782982	0.078229
8.895833	47	5.283372	0.189273
9.631579	69	7.163934	0.139588
11.236842	234	20.824356	0.048021
11.752294	145	12.338017	0.081050
12.200000	82	6.721311	0.148780
13.923913	143	10.270101	0.097370
11.336283	73	6.439500	0.155292
11.971963	242	20.213895	0.049471
11.336283	227	20.024200	0.049940
12.200000	216	17.704918	0.056481
9.778626	228	23.316159	0.042889
7.116667	38	5.339578	0.187281
10.855932	148	13.633099	0.073351
19.409091	213	10.974239	0.091122
9.631579	43	4.464481	0.223990
11.139130	18	1.615925	0.618841
9.419118	225	23.887588	0.041863
9.559701	64	6.694770	0.149370
21.000000	225	10.714286	0.093333
19.409091	264	13.601874	0.073519
10.007812	62	6.195160	0.161416
10.330645	144	13.939110	0.071741
12.084906	40	3.309914	0.302123
8.107595	44	5.427010	0.184264
9.419118	219	23.250585	0.043010
7.907407	214	27.063232	0.036951
21.711864	190	8.750976	0.114273
14.895349	13	0.872756	1.145796
10.166667	56	5.508197	0.181548
10.330645	146	14.132709	0.070758
10.586777	49	4.628415	0.216057
11.971963	34	2.839969	0.352117
7.491228	197	26.297424	0.038027
11.236842	192	17.086651	0.058525
8.958042	60	6.697892	0.149301
9.488889	35	3.688525	0.271111
10.414634	139	13.346604	0.074925
9.631579	41	4.256831	0.234917
7.716867	180	23.325527	0.042871
11.043103	133	12.043716	0.083031
9.778626	31	3.170180	0.315440
10.948718	28	2.557377	0.391026
8.958042	42	4.688525	0.213287
7.625000	167	21.901639	0.045659
9.419118	85	9.024200	0.110813
10.500000	41	3.904762	0.256098
11.861111	162	13.658080	0.073217
11.437500	103	9.005464	0.111044
8.958042	28	3.125683	0.319930
7.535294	178	23.622170	0.042333
8.318182	43	5.169399	0.193446
14.393258	243	16.882904	0.059232
10.248000	56	5.464481	0.183000
12.317308	168	13.639344	0.073317
10.675000	42	3.934426	0.254167
8.056604	201	24.948478	0.040083
6.535714	27	4.131148	0.242063
10.166667	67	6.590164	0.151741
14.724138	253	17.182670	0.058198
8.958042	50	5.581577	0.179161
11.437500	118	10.316940	0.096928
8.773973	216	24.618267	0.040620
15.814815	252	15.934426	0.062757
14.895349	99	6.646370	0.150458
13.484211	13	0.964091	1.037247
9.853846	64	6.494926	0.153966
12.436893	193	15.518345	0.064440
10.414634	29	2.784543	0.359125
8.159236	38	4.657299	0.214717
8.318182	209	25.125683	0.039800
18.300000	211	11.530055	0.086730
14.233333	246	17.283372	0.057859
10.500000	49	4.666667	0.214286
9.778626	64	6.544887	0.152791
11.043103	31	2.807182	0.356229
7.670659	200	26.073380	0.038353
11.437500	88	7.693989	0.129972
10.586777	138	13.035129	0.076716
15.250000	252	16.524590	0.060516
12.558824	19	1.512881	0.660991
12.436893	83	6.673692	0.149842
8.318182	206	24.765027	0.040380
9.704545	50	5.152225	0.194091
9.488889	109	11.487119	0.087054
10.855932	153	14.093677	0.070954
10.248000	28	2.732240	0.366000
9.419118	83	8.811866	0.113483
8.159236	56	6.863388	0.145701
10.586777	84	7.934426	0.126033
12.317308	50	4.059329	0.246346
11.752294	19	1.616706	0.618542
9.488889	225	23.711944	0.042173
8.597315	50	5.815769	0.171946
18.838235	163	8.652615	0.115572
11.645455	43	3.692428	0.270825
8.540000	49	5.737705	0.174286
10.855932	93	8.566745	0.116730
10.166667	41	4.032787	0.247967
8.773973	218	24.846214	0.040248
5.958140	50	8.391881	0.119163
21.711864	153	7.046838	0.141908
21.350000	159	7.447307	0.134277
11.236842	16	1.423888	0.702303
11.437500	38	3.322404	0.300987
8.483444	74	8.722873	0.114641
8.597315	211	24.542545	0.040746
7.579882	47	6.200625	0.161274
8.895833	199	22.370023	0.044703
8.211538	69	8.402810	0.119008
11.752294	10	0.850898	1.175229
10.086614	14	1.387978	0.720472
7.535294	52	6.900859	0.144910
9.350365	68	7.272443	0.137505
21.000000	241	11.476190	0.087137
13.923913	111	7.971897	0.125441
11.043103	179	16.209212	0.061693
7.670659	175	22.814208	0.043832
8.318182	30	3.606557	0.277273
10.414634	19	1.824356	0.548139
