9.559701	86	8.996097	0.111159
11.236842	28	2.491803	0.401316
11.236842	107	9.522248	0.105017
12.317308	96	7.793911	0.128305
10.007812	36	3.597190	0.277995
11.236842	38	3.381733	0.295706
10.855932	85	7.829820	0.127717
11.336283	47	4.145980	0.241198
12.683168	98	7.726776	0.129420
13.484211	59	4.375488	0.228546
12.436893	102	8.201405	0.121930
24.634615	256	10.391881	0.096229
9.778626	64	6.544887	0.152791
8.427632	67	7.950039	0.125786
12.084906	71	5.875098	0.170210
10.764706	67	6.224044	0.160667
10.586777	75	7.084309	0.141157
10.764706	76	7.060109	0.141641
12.200000	76	6.229508	0.160526
9.704545	59	6.079625	0.164484
10.948718	63	5.754098	0.173789
10.248000	76	7.416081	0.134842
10.166667	87	8.557377	0.116858
9.778626	80	8.181109	0.122233
10.248000	82	8.001561	0.124976
4.815789	27	5.606557	0.178363
8.483444	70	8.251366	0.121192
4.815789	24	4.983607	0.200658
9.778626	90	9.203747	0.108651
12.558824	29	2.309133	0.433063
11.752294	51	4.339578	0.230437
11.043103	100	9.055425	0.110431
9.853846	26	2.638564	0.378994
10.948718	114	10.412178	0.096041
6.535714	48	7.344262	0.136161
8.958042	39	4.353630	0.229693
8.372549	56	6.688525	0.149510
11.336283	64	5.645589	0.177129
7.716867	71	9.200625	0.108688
9.559701	22	2.301327	0.434532
10.007812	94	9.392662	0.106466
8.211538	56	6.819672	0.146635
7.156425	64	8.943013	0.111819
7.763636	75	9.660422	0.103515
10.855932	60	5.526932	0.180932
10.166667	92	9.049180	0.110507
8.714286	87	9.983607	0.100164
7.907407	61	7.714286	0.129630
10.007812	57	5.695550	0.175576
7.077348	62	8.760343	0.114151
10.330645	103	9.970336	0.100298
12.436893	46	3.698673	0.270367
10.414634	59	5.665105	0.176519
7.116667	27	3.793911	0.263580
10.330645	24	2.323185	0.430444
5.985981	34	5.679938	0.176058
11.043103	68	6.157689	0.162399
6.248780	50	8.001561	0.124976
13.206186	134	10.146760	0.098554
10.948718	67	6.119438	0.163414
5.958140	48	8.056206	0.124128
7.077348	22	3.108509	0.321698
10.166667	72	7.081967	0.141204
11.336283	114	10.056206	0.099441
10.414634	104	9.985948	0.100141
9.282609	84	9.049180	0.110507
11.971963	85	7.099922	0.140847
12.939394	35	2.704918	0.369697
8.714286	60	6.885246	0.145238
11.043103	28	2.535519	0.394397
8.958042	60	6.697892	0.149301
10.764706	24	2.229508	0.448529
17.791667	48	2.697892	0.370660
20.015625	46	2.298205	0.435122
13.206186	37	2.801717	0.356924
16.636364	40	2.404372	0.415909
16.423077	38	2.313817	0.432186
13.484211	33	2.447307	0.408612
12.200000	31	2.540984	0.393548
13.484211	35	2.595628	0.385263
13.071429	36	2.754098	0.363095
13.343750	34	2.548009	0.392463
12.939394	31	2.395785	0.417400
11.861111	27	2.276347	0.439300
12.084906	32	2.647931	0.377653
11.236842	40	3.559719	0.280921
10.855932	32	2.947697	0.339248
10.086614	26	2.577674	0.387947
9.350365	25	2.673692	0.374015
9.150000	29	3.169399	0.315517
8.714286	33	3.786885	0.264069
7.907407	27	3.414520	0.292867
8.006250	42	5.245902	0.190625
6.813830	40	5.870414	0.170346
6.279412	35	5.573770	0.179412
6.777778	42	6.196721	0.161376
9.631579	78	8.098361	0.123482
5.124000	29	5.659641	0.176690
8.597315	79	9.188915	0.108827
17.791667	56	3.147541	0.317708
20.333333	72	3.540984	0.282407
12.810000	65	5.074161	0.197077
11.752294	91	7.743169	0.129146
13.484211	55	4.078845	0.245167
13.071429	52	3.978142	0.251374
10.675000	92	8.618267	0.116033
11.971963	45	3.758782	0.266044
10.764706	28	2.601093	0.384454
10.500000	37	3.523810	0.283784
12.558824	83	6.608899	0.151311
12.200000	57	4.672131	0.214035
9.419118	47	4.989852	0.200407
9.350365	23	2.459797	0.406538
10.764706	28	2.601093	0.384454
8.372549	47	5.613583	0.178139
11.043103	34	3.078845	0.324797
8.714286	50	5.737705	0.174286
18.042254	48	2.660422	0.375880
13.774194	67	4.864169	0.205585
13.484211	58	4.301327	0.232486
10.586777	44	4.156128	0.240609
23.290909	253	10.862607	0.092059
11.236842	45	4.004684	0.249708
10.248000	47	4.586261	0.218043
12.317308	58	4.708821	0.212367
14.556818	38	2.610461	0.383074
13.484211	104	7.712724	0.129656
5.744395	17	2.959407	0.337906
13.206186	102	7.723653	0.129472
12.317308	65	5.277127	0.189497
11.645455	37	3.177205	0.314742
11.752294	62	5.275566	0.189553
12.200000	58	4.754098	0.210345
9.215827	45	4.882904	0.204796
11.043103	50	4.527713	0.220862
10.248000	57	5.562061	0.179789
10.086614	61	6.047619	0.165354
9.215827	31	3.363778	0.297285
9.150000	61	6.666667	0.150000
12.436893	40	3.216237	0.310922
8.540000	60	7.025761	0.142333
10.007812	33	3.297424	0.303267
12.939394	38	2.936768	0.340510
8.597315	58	6.746292	0.148230
9.704545	28	2.885246	0.346591
8.483444	51	6.011710	0.166342
8.056604	43	5.337237	0.187363
8.006250	36	4.496487	0.222396
9.853846	48	4.871194	0.205288
11.236842	55	4.894614	0.204306
10.675000	61	5.714286	0.175000
10.500000	27	2.571429	0.388889
10.586777	32	3.022639	0.330837
3.568245	38	10.649493	0.093901
15.070588	54	3.583138	0.279085
9.419118	26	2.760343	0.362274
11.540541	61	5.285714	0.189189
11.645455	64	5.495706	0.181960
11.752294	47	3.999219	0.250049
13.627660	54	3.962529	0.252364
8.159236	35	4.289617	0.233121
11.971963	51	4.259953	0.234744
9.631579	47	4.879781	0.204927
12.939394	80	6.182670	0.161742
8.655405	41	4.736924	0.211107
11.971963	28	2.338798	0.427570
8.006250	40	4.996097	0.200156
11.236842	25	2.224824	0.449474
11.645455	26	2.232631	0.447902
12.317308	69	5.601874	0.178512
11.437500	73	6.382514	0.156678
8.159236	41	5.024980	0.199006
11.336283	70	6.174863	0.161947
9.150000	58	6.338798	0.157759
11.437500	69	6.032787	0.165761
12.683168	72	5.676815	0.176155
10.855932	44	4.053084	0.246726
11.336283	42	3.704918	0.269912
11.861111	53	4.468384	0.223795
7.237288	23	3.177986	0.314665
7.000000	22	3.142857	0.318182
6.706806	15	2.236534	0.447120
9.419118	28	2.972678	0.336397
12.084906	72	5.957845	0.167846
11.139130	73	6.553474	0.152591
9.419118	42	4.459016	0.224265
10.086614	46	4.560500	0.219274
10.948718	77	7.032787	0.142191
11.236842	87	7.742389	0.129159
10.500000	47	4.476190	0.223404
9.488889	87	9.168618	0.109068
7.278409	29	3.984387	0.250980
7.907407	27	3.414520	0.292867
8.056604	29	3.599532	0.277814
12.200000	134	10.983607	0.091045
8.318182	83	9.978142	0.100219
7.038462	71	10.087432	0.099133
9.631579	80	8.306011	0.120395
12.558824	85	6.768150	0.147751
9.853846	22	2.232631	0.447902
9.853846	42	4.262295	0.234615
11.139130	43	3.860265	0.259050
11.645455	46	3.950039	0.253162
15.070588	73	4.843872	0.206446
12.558824	48	3.822014	0.261642
11.752294	28	2.382514	0.419725
12.683168	47	3.705699	0.269855
11.971963	31	2.589383	0.386192
11.437500	49	4.284153	0.233418
11.336283	32	2.822795	0.354259
10.855932	35	3.224044	0.310169
11.236842	68	6.051522	0.165248
10.764706	59	5.480874	0.182453
11.236842	57	5.072600	0.197138
10.166667	45	4.426230	0.225926
11.540541	71	6.152225	0.162543
10.855932	99	9.119438	0.109656
9.282609	30	3.231850	0.309420
10.330645	43	4.162373	0.240248
8.318182	20	2.404372	0.415909
8.006250	20	2.498048	0.400312
12.084906	88	7.281811	0.137328
9.488889	34	3.583138	0.279085
12.317308	89	7.225605	0.138397
9.778626	36	3.681499	0.271628
10.675000	39	3.653396	0.273718
7.038462	20	2.841530	0.351923
12.810000	95	7.416081	0.134842
8.714286	33	3.786885	0.264069
10.007812	81	8.093677	0.123553
9.488889	32	3.372365	0.296528
11.645455	88	7.556596	0.132335
7.956522	27	3.393443	0.294686
9.704545	34	3.503513	0.285428
8.597315	25	2.907884	0.343893
8.372549	20	2.388759	0.418627
10.007812	28	2.797814	0.357422
13.343750	53	3.971897	0.251769
11.752294	52	4.424668	0.226006
11.236842	30	2.669789	0.374561
10.086614	48	4.758782	0.210138
10.675000	58	5.433255	0.184052
9.631579	43	4.464481	0.223990
9.350365	26	2.780640	0.359629
10.086614	34	3.370804	0.296665
8.427632	35	4.153005	0.240789
9.215827	45	4.882904	0.204796
10.166667	42	4.131148	0.242063
9.282609	46	4.955504	0.201796
8.427632	37	4.390320	0.227774
9.150000	34	3.715847	0.269118
10.675000	34	3.185012	0.313971
11.971963	46	3.842311	0.260260
12.558824	79	6.290398	0.158972
11.645455	41	3.520687	0.284035
10.500000	60	5.714286	0.175000
9.488889	31	3.266979	0.306093
12.084906	70	5.792350	0.172642
11.236842	46	4.093677	0.244279
9.631579	26	2.699454	0.370445
9.282609	52	5.601874	0.178512
9.704545	31	3.194379	0.313050
14.393258	57	3.960187	0.252513
8.056604	31	3.847775	0.259890
13.484211	49	3.633880	0.275188
14.724138	58	3.939110	0.253864
19.707692	192	9.742389	0.102644
9.419118	22	2.335675	0.428142
7.535294	21	2.786885	0.358824
11.971963	70	5.846995	0.171028
9.930233	66	6.646370	0.150458
10.675000	62	5.807963	0.172177
11.752294	75	6.381733	0.156697
10.764706	50	4.644809	0.215294
10.948718	71	6.484778	0.154207
10.414634	66	6.337237	0.157797
10.330645	60	5.807963	0.172177
9.488889	37	3.899297	0.256456
10.086614	54	5.353630	0.186789
9.853846	40	4.059329	0.246346
9.778626	29	2.965652	0.337194
10.330645	38	3.678376	0.271859
9.853846	51	5.175644	0.193213
8.958042	55	6.139735	0.162873
8.714286	56	6.426230	0.155612
8.895833	58	6.519906	0.153376
7.858896	51	6.489461	0.154096
12.317308	50	4.059329	0.246346
7.000000	54	7.714286	0.129630
7.447674	68	9.130367	0.109525
7.491228	68	9.077283	0.110165
7.196629	60	8.337237	0.119944
6.813830	47	6.897736	0.144975
9.282609	66	7.110070	0.140646
6.671875	43	6.444965	0.155160
8.318182	65	7.814208	0.127972
13.484211	35	2.595628	0.385263
22.473684	243	10.812646	0.092484
11.645455	31	2.661983	0.375660
13.627660	37	2.715066	0.368315
10.764706	29	2.693989	0.371197
9.488889	29	3.056206	0.327203
9.559701	28	2.928962	0.341418
10.500000	36	3.428571	0.291667
10.248000	31	3.024980	0.330581
9.853846	26	2.638564	0.378994
9.085106	22	2.421546	0.412959
8.958042	20	2.232631	0.447902
9.704545	28	2.885246	0.346591
11.971963	39	3.257611	0.306973
9.778626	32	3.272443	0.305582
12.939394	45	3.477752	0.287542
12.317308	40	3.247463	0.307933
10.948718	31	2.831382	0.353184
12.317308	39	3.166276	0.315828
12.436893	37	2.975020	0.336132
10.248000	27	2.634660	0.379556
12.683168	42	3.311475	0.301980
12.436893	43	3.457455	0.289230
11.540541	37	3.206089	0.311907
10.764706	32	2.972678	0.336397
11.043103	33	2.988290	0.334639
11.236842	37	3.292740	0.303698
10.948718	36	3.288056	0.304131
10.330645	26	2.516784	0.397333
10.948718	25	2.283372	0.437949
10.764706	26	2.415301	0.414027
10.330645	28	2.710383	0.368952
11.043103	29	2.626073	0.380797
10.007812	24	2.398126	0.416992
11.752294	33	2.807963	0.356130
10.166667	26	2.557377	0.391026
10.764706	30	2.786885	0.358824
9.930233	28	2.819672	0.354651
11.139130	31	2.782982	0.359327
10.855932	26	2.395004	0.417536
12.558824	28	2.229508	0.448529
11.437500	26	2.273224	0.439904
10.500000	26	2.476190	0.403846
13.206186	35	2.650273	0.377320
11.645455	27	2.318501	0.431313
12.683168	29	2.286495	0.437351
9.559701	22	2.301327	0.434532
9.704545	22	2.266979	0.441116
8.597315	20	2.326308	0.429866
8.773973	23	2.621390	0.381477
8.773973	22	2.507416	0.398817
10.086614	34	3.370804	0.296665
8.834483	29	3.282592	0.304637
8.211538	29	3.531616	0.283156
8.372549	28	3.344262	0.299020
7.404624	20	2.701015	0.370231
7.810976	26	3.328649	0.300422
10.414634	27	2.592506	0.385727
9.085106	36	3.962529	0.252364
8.264516	28	3.387978	0.295161
12.317308	42	3.409836	0.293269
7.447674	25	3.356753	0.297907
6.777778	20	2.950820	0.338889
10.007812	34	3.397346	0.294347
7.907407	30	3.793911	0.263580
7.625000	24	3.147541	0.317708
11.043103	35	3.169399	0.315517
7.763636	31	3.992974	0.250440
7.320000	28	3.825137	0.261429
9.350365	48	5.133489	0.194799
9.853846	28	2.841530	0.351923
10.764706	51	4.737705	0.211073
7.625000	38	4.983607	0.200658
9.085106	50	5.503513	0.181702
9.930233	50	5.035129	0.198605
7.956522	45	5.655738	0.176812
7.156425	41	5.729118	0.174547
12.200000	63	5.163934	0.193651
8.427632	45	5.339578	0.187281
7.404624	43	5.807182	0.172201
10.764706	62	5.759563	0.173624
8.597315	48	5.583138	0.179111
6.850267	35	5.109290	0.195722
6.469697	39	6.028103	0.165890
9.488889	58	6.112412	0.163602
8.006250	58	7.244340	0.138039
6.373134	26	4.079625	0.245121
13.343750	125	9.367681	0.106750
9.778626	59	6.033568	0.165739
8.427632	50	5.932865	0.168553
6.341584	46	7.253708	0.137861
14.076923	127	9.021858	0.110842
8.056604	48	5.957845	0.167846
9.853846	58	5.886027	0.169894
9.559701	44	4.602654	0.217266
9.282609	33	3.555035	0.281291
12.317308	89	7.225605	0.138397
12.939394	72	5.564403	0.179714
12.200000	68	5.573770	0.179412
7.670659	21	2.737705	0.365269
7.000000	18	2.571429	0.388889
7.763636	31	3.992974	0.250440
11.336283	65	5.733802	0.174404
11.336283	55	4.851678	0.206114
9.215827	48	5.208431	0.191996
7.579882	22	2.902420	0.344540
8.895833	26	2.922717	0.342147
9.488889	45	4.742389	0.210864
11.971963	88	7.350507	0.136045
11.540541	60	5.199063	0.192342
14.393258	84	5.836066	0.171348
9.085106	29	3.192037	0.313280
7.491228	24	3.203747	0.312135
10.948718	108	9.864169	0.101377
7.625000	57	7.475410	0.133772
6.405000	31	4.839969	0.206613
6.637306	21	3.163934	0.316062
6.850267	56	8.174863	0.122326
6.742105	25	3.708041	0.269684
5.359833	34	6.343482	0.157642
5.876147	44	7.487900	0.133549
10.330645	70	6.775956	0.147581
10.948718	66	6.028103	0.165890
13.484211	43	3.188915	0.313586
12.317308	70	5.683060	0.175962
11.336283	42	3.704918	0.269912
11.645455	45	3.864169	0.258788
10.948718	47	4.292740	0.232951
12.810000	36	2.810304	0.355833
7.362069	74	10.051522	0.099487
10.248000	73	7.123341	0.140384
11.139130	25	2.244340	0.445565
11.861111	73	6.154567	0.162481
11.043103	28	2.535519	0.394397
10.764706	79	7.338798	0.136262
10.166667	80	7.868852	0.127083
12.084906	30	2.482436	0.402830
8.958042	21	2.344262	0.426573
9.488889	76	8.009368	0.124854
9.704545	78	8.037471	0.124417
10.414634	24	2.304450	0.433943
8.834483	23	2.603435	0.384108
9.631579	79	8.202186	0.121919
10.248000	26	2.537080	0.394154
10.330645	79	7.647151	0.130768
7.579882	59	7.783763	0.128473
10.855932	41	3.776737	0.264779
7.956522	57	7.163934	0.139588
13.774194	69	5.009368	0.199626
11.043103	29	2.626073	0.380797
7.000000	39	5.571429	0.179487
8.427632	41	4.864949	0.205552
11.437500	39	3.409836	0.293269
7.670659	40	5.214676	0.191766
7.116667	43	6.042155	0.165504
11.043103	82	7.425449	0.134672
19.409091	63	3.245902	0.308081
12.558824	76	6.051522	0.165248
11.645455	92	7.900078	0.126581
8.895833	92	10.341920	0.096694
14.076923	47	3.338798	0.299509
18.042254	62	3.436378	0.291004
8.211538	77	9.377049	0.106643
12.939394	31	2.395785	0.417400
7.670659	24	3.128806	0.319611
11.236842	119	10.590164	0.094427
10.764706	114	10.590164	0.094427
11.971963	120	10.023419	0.099766
12.683168	124	9.776737	0.102284
11.336283	112	9.879781	0.101217
11.437500	125	10.928962	0.091500
10.764706	84	7.803279	0.128151
10.675000	112	10.491803	0.095313
19.707692	57	2.892272	0.345749
11.752294	69	5.871194	0.170323
11.336283	26	2.293521	0.436011
11.139130	33	2.962529	0.337549
10.330645	85	8.227947	0.121537
12.683168	70	5.519126	0.181188
11.540541	91	7.885246	0.126819
13.071429	48	3.672131	0.272321
11.645455	31	2.661983	0.375660
10.586777	35	3.306011	0.302479
12.200000	72	5.901639	0.169444
8.834483	25	2.829820	0.353379
23.722222	81	3.414520	0.292867
13.071429	73	5.584699	0.179061
6.637306	64	9.642467	0.103708
20.661290	80	3.871975	0.258266
13.343750	75	5.620609	0.177917
11.540541	99	8.578454	0.116571
9.853846	22	2.232631	0.447902
6.535714	64	9.792350	0.102121
10.166667	24	2.360656	0.423611
11.236842	97	8.632319	0.115844
10.675000	37	3.466042	0.288514
6.100000	63	10.327869	0.096825
12.436893	70	5.628415	0.177670
10.948718	34	3.105386	0.322021
11.861111	97	8.177986	0.122279
9.778626	64	6.544887	0.152791
10.086614	32	3.172521	0.315207
8.264516	24	2.903981	0.344355
6.502538	70	10.765027	0.092893
12.200000	72	5.901639	0.169444
11.437500	92	8.043716	0.124321
9.215827	36	3.906323	0.255995
11.437500	65	5.683060	0.175962
12.810000	67	5.230289	0.191194
12.200000	73	5.983607	0.167123
9.930233	84	8.459016	0.118217
11.645455	89	7.642467	0.130848
11.437500	68	5.945355	0.168199
13.343750	72	5.395785	0.185330
12.558824	72	5.733021	0.174428
10.007812	68	6.794692	0.147174
10.675000	90	8.430913	0.118611
11.139130	76	6.822795	0.146568
10.086614	94	9.319282	0.107304
10.764706	101	9.382514	0.106581
10.500000	29	2.761905	0.362069
10.764706	79	7.338798	0.136262
11.752294	103	8.764247	0.114100
13.071429	32	2.448087	0.408482
10.248000	76	7.416081	0.134842
6.310345	69	10.934426	0.091454
9.282609	66	7.110070	0.140646
10.586777	92	8.690086	0.115074
10.086614	65	6.444184	0.155179
8.895833	21	2.360656	0.423611
12.084906	30	2.482436	0.402830
11.971963	28	2.338798	0.427570
11.437500	26	2.273224	0.439904
11.540541	27	2.339578	0.427427
11.336283	36	3.175644	0.314897
10.948718	86	7.854801	0.127311
11.236842	36	3.203747	0.312135
10.330645	24	2.323185	0.430444
10.166667	81	7.967213	0.125514
9.150000	21	2.295082	0.435714
13.923913	41	2.944575	0.339608
10.764706	29	2.693989	0.371197
9.930233	83	8.358314	0.119641
10.500000	25	2.380952	0.420000
8.895833	29	3.259953	0.306753
10.586777	89	8.406714	0.118953
9.778626	88	8.999219	0.111121
9.930233	31	3.121780	0.320330
10.855932	95	8.750976	0.114273
10.330645	31	3.000781	0.333247
9.350365	31	3.315379	0.301625
10.086614	89	8.823575	0.113333
10.248000	42	4.098361	0.244000
9.085106	24	2.641686	0.378546
8.372549	29	3.463700	0.288709
9.282609	28	3.016393	0.331522
9.930233	23	2.316159	0.431749
10.007812	35	3.497268	0.285938
9.488889	24	2.529274	0.395370
9.150000	29	3.169399	0.315517
13.484211	84	6.229508	0.160526
8.107595	21	2.590164	0.386076
8.318182	37	4.448087	0.224816
9.631579	24	2.491803	0.401316
8.056604	21	2.606557	0.383648
12.810000	83	6.479313	0.154337
8.318182	31	3.726776	0.268328
9.419118	25	2.654176	0.376765
10.330645	25	2.419984	0.413226
8.372549	23	2.747073	0.364024
12.084906	85	7.033568	0.142175
9.419118	23	2.441842	0.409527
8.159236	22	2.696331	0.370874
8.372549	25	2.985948	0.334902
12.683168	31	2.444184	0.409134
10.675000	32	2.997658	0.333594
7.956522	27	3.393443	0.294686
12.683168	81	6.386417	0.156582
12.317308	32	2.597970	0.384916
10.248000	35	3.415301	0.292800
6.850267	21	3.065574	0.326203
11.540541	73	6.325527	0.158090
8.427632	28	3.322404	0.300987
8.958042	33	3.683841	0.271456
9.930233	68	6.847775	0.146033
8.211538	26	3.166276	0.315828
10.166667	46	4.524590	0.221014
9.085106	47	5.173302	0.193300
11.437500	78	6.819672	0.146635
8.264516	25	3.024980	0.330581
11.139130	67	6.014832	0.166256
8.107595	23	2.836846	0.352504
9.488889	33	3.477752	0.287542
8.107595	20	2.466823	0.405380
10.500000	33	3.142857	0.318182
7.763636	34	4.379391	0.228342
8.597315	21	2.442623	0.409396
11.437500	26	2.273224	0.439904
9.631579	23	2.387978	0.418764
13.206186	63	4.770492	0.209622
11.437500	28	2.448087	0.408482
10.500000	29	2.761905	0.362069
10.500000	29	2.761905	0.362069
13.343750	75	5.620609	0.177917
14.233333	71	4.988290	0.200469
9.704545	23	2.370023	0.421937
12.939394	67	5.177986	0.193125
9.282609	24	2.585480	0.386775
12.200000	75	6.147541	0.162667
12.939394	84	6.491803	0.154040
9.559701	33	3.451991	0.289688
13.627660	90	6.604215	0.151418
10.330645	28	2.710383	0.368952
14.724138	94	6.384075	0.156640
9.488889	37	3.899297	0.256456
10.855932	53	4.882123	0.204829
11.540541	85	7.365340	0.135771
9.419118	32	3.397346	0.294347
9.350365	45	4.812646	0.207786
12.200000	78	6.393443	0.156410
12.200000	50	4.098361	0.244000
9.704545	33	3.400468	0.294077
11.043103	47	4.256050	0.234960
12.084906	62	5.130367	0.194918
11.043103	27	2.444965	0.409004
11.336283	64	5.645589	0.177129
11.139130	70	6.284153	0.159130
9.778626	26	2.658860	0.376101
9.631579	32	3.322404	0.300987
10.248000	25	2.439500	0.409920
11.043103	74	6.701015	0.149231
9.559701	31	3.242779	0.308377
10.414634	25	2.400468	0.416585
10.586777	35	3.306011	0.302479
9.778626	30	3.067916	0.325954
9.085106	26	2.861827	0.349427
9.704545	34	3.503513	0.285428
11.236842	28	2.491803	0.401316
9.631579	32	3.322404	0.300987
9.853846	30	3.044496	0.328462
10.500000	28	2.666667	0.375000
10.586777	30	2.833724	0.352893
11.861111	32	2.697892	0.370660
8.773973	25	2.849336	0.350959
10.764706	87	8.081967	0.123732
10.086614	28	2.775956	0.360236
10.764706	26	2.415301	0.414027
10.414634	27	2.592506	0.385727
11.043103	88	7.968774	0.125490
10.675000	28	2.622951	0.381250
11.437500	43	3.759563	0.265988
10.675000	33	3.091335	0.323485
10.586777	26	2.455894	0.407184
10.086614	26	2.577674	0.387947
10.086614	26	2.577674	0.387947
12.084906	34	2.813427	0.355438
9.559701	28	2.928962	0.341418
10.855932	27	2.487119	0.402072
10.414634	35	3.360656	0.297561
11.336283	31	2.734582	0.365687
10.764706	24	2.229508	0.448529
11.752294	30	2.552693	0.391743
9.853846	24	2.435597	0.410577
10.086614	26	2.577674	0.387947
9.085106	35	3.852459	0.259574
9.631579	31	3.218579	0.310696
9.853846	38	3.856362	0.259312
10.675000	32	2.997658	0.333594
10.414634	38	3.648712	0.274069
11.752294	97	8.253708	0.121158
10.248000	33	3.220141	0.310545
9.021127	31	3.436378	0.291004
9.282609	28	3.016393	0.331522
10.855932	31	2.855582	0.350191
12.200000	44	3.606557	0.277273
10.414634	34	3.264637	0.306313
8.372549	27	3.224824	0.310094
9.778626	28	2.863388	0.349237
10.086614	36	3.569087	0.280184
11.139130	85	7.630757	0.131049
9.085106	34	3.742389	0.267209
7.858896	28	3.562842	0.280675
12.810000	55	4.293521	0.232909
9.215827	36	3.906323	0.255995
10.855932	100	9.211553	0.108559
10.007812	25	2.498048	0.400313
9.215827	22	2.387198	0.418901
8.427632	34	4.034348	0.247872
10.086614	24	2.379391	0.420276
8.958042	22	2.455894	0.407184
9.419118	71	7.537861	0.132664
10.500000	32	3.047619	0.328125
8.958042	55	6.139735	0.162873
10.166667	24	2.360656	0.423611
10.330645	24	2.323185	0.430444
9.150000	21	2.295082	0.435714
8.597315	26	3.024200	0.330666
10.166667	27	2.655738	0.376543
11.139130	30	2.693208	0.371304
9.419118	25	2.654176	0.376765
9.704545	22	2.266979	0.441116
12.317308	36	2.922717	0.342147
9.215827	27	2.929742	0.341327
11.139130	35	3.142077	0.318261
11.437500	38	3.322404	0.300987
9.150000	33	3.606557	0.277273
10.948718	39	3.562061	0.280736
22.086207	175	7.923497	0.126207
10.764706	34	3.158470	0.316609
8.834483	26	2.943013	0.339788
9.853846	30	3.044496	0.328462
9.930233	25	2.517564	0.397209
8.834483	24	2.716628	0.368103
12.200000	92	7.540984	0.132609
10.948718	39	3.562061	0.280736
11.336283	32	2.822795	0.354259
11.043103	38	3.441062	0.290608
9.488889	27	2.845433	0.351440
10.007812	31	3.097580	0.322833
10.855932	30	2.763466	0.361864
10.500000	27	2.571429	0.388889
9.704545	28	2.885246	0.346591
10.248000	25	2.439500	0.409920
10.248000	35	3.415301	0.292800
11.043103	33	2.988290	0.334639
8.895833	22	2.473068	0.404356
9.150000	28	3.060109	0.326786
9.021127	27	2.992974	0.334116
8.773973	21	2.393443	0.417808
10.675000	27	2.529274	0.395370
10.248000	33	3.220141	0.310545
8.655405	25	2.888368	0.346216
8.006250	19	2.373146	0.421382
8.211538	22	2.679157	0.373252
9.419118	25	2.654176	0.376765
9.778626	67	6.851678	0.145950
12.436893	72	5.789227	0.172735
12.317308	29	2.354411	0.424735
11.437500	61	5.333333	0.187500
11.752294	30	2.552693	0.391743
12.200000	98	8.032787	0.124490
10.948718	102	9.316159	0.107340
9.282609	31	3.339578	0.299439
11.971963	47	3.925839	0.254723
11.752294	95	8.083528	0.123708
11.437500	92	8.043716	0.124321
8.056604	18	2.234192	0.447589
10.330645	83	8.034348	0.124466
11.043103	93	8.421546	0.118743
8.056604	20	2.482436	0.402830
11.043103	69	6.248244	0.160045
11.645455	98	8.415301	0.118831
9.488889	25	2.634660	0.379556
9.559701	26	2.719750	0.367681
10.414634	72	6.913349	0.144648
10.248000	89	8.684621	0.115146
11.540541	33	2.859485	0.349713
11.236842	91	8.098361	0.123482
10.855932	27	2.487119	0.402072
9.150000	22	2.404372	0.415909
11.236842	95	8.454333	0.118283
11.540541	81	7.018735	0.142476
10.007812	25	2.498048	0.400313
10.948718	64	5.845433	0.171074
10.675000	90	8.430913	0.118611
11.645455	71	6.096799	0.164020
11.236842	79	7.030445	0.142239
10.764706	73	6.781421	0.147462
10.500000	35	3.333333	0.300000
13.343750	79	5.920375	0.168908
12.200000	32	2.622951	0.381250
11.139130	66	5.925059	0.168775
10.855932	49	4.513661	0.221550
11.645455	48	4.121780	0.242614
10.248000	27	2.634660	0.379556
9.282609	55	5.925059	0.168775
10.764706	44	4.087432	0.244652
10.675000	65	6.088993	0.164231
12.317308	57	4.627635	0.216093
10.414634	66	6.337237	0.157797
9.350365	96	10.266979	0.097400
9.853846	25	2.537080	0.394154
11.236842	77	6.852459	0.145933
11.139130	72	6.463700	0.154710
9.215827	96	10.416862	0.095998
11.861111	70	5.901639	0.169444
10.675000	49	4.590164	0.217857
10.330645	96	9.292740	0.107611
10.248000	49	4.781421	0.209143
9.704545	29	2.988290	0.334639
9.853846	38	3.856362	0.259312
8.597315	21	2.442623	0.409396
10.086614	37	3.668228	0.272611
10.675000	93	8.711944	0.114785
9.488889	41	4.320843	0.231436
10.764706	97	9.010929	0.110976
7.116667	16	2.248244	0.444792
10.855932	98	9.027322	0.110775
9.350365	24	2.566745	0.389599
7.956522	42	5.278689	0.189441
13.774194	36	2.613583	0.382616
8.264516	37	4.476971	0.223365
10.330645	37	3.581577	0.279207
8.958042	24	2.679157	0.373252
9.488889	54	5.690867	0.175720
10.500000	35	3.333333	0.300000
9.853846	107	10.858704	0.092092
11.971963	29	2.422326	0.412826
12.084906	29	2.399688	0.416721
9.282609	45	4.847775	0.206280
10.675000	25	2.341920	0.427000
9.419118	24	2.548009	0.392463
7.907407	20	2.529274	0.395370
12.200000	28	2.295082	0.435714
11.971963	30	2.505855	0.399065
11.645455	26	2.232631	0.447902
11.645455	47	4.035909	0.247776
9.085106	24	2.641686	0.378546
9.282609	28	3.016393	0.331522
10.007812	33	3.297424	0.303267
10.500000	41	3.904762	0.256098
7.535294	20	2.654176	0.376765
8.372549	32	3.822014	0.261642
9.559701	22	2.301327	0.434532
8.264516	22	2.661983	0.375660
12.436893	90	7.236534	0.138188
11.139130	25	2.244340	0.445565
7.716867	18	2.332553	0.428715
11.236842	89	7.920375	0.126257
11.645455	40	3.434817	0.291136
10.248000	41	4.000781	0.249951
13.071429	43	3.289617	0.303987
10.855932	108	9.948478	0.100518
9.631579	23	2.387978	0.418764
9.930233	33	3.323185	0.300916
8.895833	32	3.597190	0.277995
7.625000	22	2.885246	0.346591
11.139130	28	2.513661	0.397826
11.861111	28	2.360656	0.423611
8.264516	30	3.629977	0.275484
7.716867	20	2.591725	0.385843
10.855932	26	2.395004	0.417536
9.488889	24	2.529274	0.395370
10.166667	37	3.639344	0.274775
16.215190	37	2.281811	0.438248
10.330645	31	3.000781	0.333247
9.704545	22	2.266979	0.441116
13.071429	35	2.677596	0.373469
12.810000	33	2.576112	0.388182
12.558824	31	2.468384	0.405123
8.427632	22	2.610461	0.383074
12.200000	35	2.868852	0.348571
11.752294	27	2.297424	0.435270
9.085106	25	2.751756	0.363404
8.211538	25	3.044496	0.328462
9.704545	26	2.679157	0.373252
10.764706	24	2.229508	0.448529
22.086207	82	3.712724	0.269344
11.437500	47	4.109290	0.243351
9.853846	40	4.059329	0.246346
11.139130	49	4.398907	0.227329
8.427632	28	3.322404	0.300987
9.488889	39	4.110070	0.243305
12.084906	30	2.482436	0.402830
11.861111	128	10.791569	0.092665
8.159236	35	4.289617	0.233121
10.500000	41	3.904762	0.256098
10.764706	45	4.180328	0.239216
10.414634	36	3.456674	0.289295
11.139130	31	2.782982	0.359327
9.419118	29	3.078845	0.324797
11.861111	33	2.782201	0.359428
9.559701	42	4.393443	0.227612
7.716867	24	3.110070	0.321536
14.076923	72	5.114754	0.195513
8.773973	23	2.621390	0.381477
12.200000	123	10.081967	0.099187
9.488889	26	2.740047	0.364957
8.958042	31	3.460578	0.288969
9.930233	44	4.430913	0.225687
10.586777	34	3.211553	0.311376
9.021127	35	3.879781	0.257746
8.773973	36	4.103044	0.243721
11.540541	119	10.311475	0.096979
11.971963	29	2.422326	0.412826
7.625000	21	2.754098	0.363095
14.724138	94	6.384075	0.156640
11.540541	69	5.978923	0.167254
11.645455	126	10.819672	0.092424
11.043103	36	3.259953	0.306753
8.655405	43	4.967994	0.201288
11.437500	40	3.497268	0.285938
12.200000	38	3.114754	0.321053
9.419118	26	2.760343	0.362274
11.236842	32	2.847775	0.351151
12.810000	89	6.947697	0.143933
12.084906	130	10.757221	0.092961
10.855932	61	5.619048	0.177966
7.491228	32	4.271663	0.234101
13.923913	88	6.320062	0.158226
11.971963	37	3.090554	0.323567
11.139130	39	3.501171	0.285619
10.166667	28	2.754098	0.363095
7.907407	31	3.920375	0.255078
11.336283	83	7.321624	0.136582
10.675000	61	5.714286	0.175000
7.362069	24	3.259953	0.306753
10.764706	31	2.879781	0.347249
10.764706	33	3.065574	0.326203
11.861111	86	7.250585	0.137920
10.248000	63	6.147541	0.162667
6.569231	18	2.740047	0.364957
14.076923	98	6.961749	0.143642
12.084906	41	3.392662	0.294754
11.861111	90	7.587822	0.131790
6.813830	26	3.815769	0.262070
12.317308	93	7.550351	0.132444
10.586777	30	2.833724	0.352893
9.631579	61	6.333333	0.157895
11.236842	103	9.166276	0.109096
6.373134	17	2.667447	0.374890
12.558824	97	7.723653	0.129472
11.645455	35	3.005464	0.332727
11.752294	107	9.104606	0.109835
9.778626	62	6.340359	0.157720
8.958042	52	5.804840	0.172270
10.500000	35	3.333333	0.300000
11.752294	43	3.658860	0.273309
11.437500	76	6.644809	0.150493
11.043103	89	8.059329	0.124080
5.569565	18	3.231850	0.309420
10.764706	36	3.344262	0.299020
10.166667	34	3.344262	0.299020
8.773973	27	3.077283	0.324962
11.971963	48	4.009368	0.249416
10.007812	27	2.697892	0.370660
10.855932	58	5.342701	0.187171
11.336283	58	5.116315	0.195453
9.021127	27	2.992974	0.334116
11.971963	85	7.099922	0.140847
8.895833	21	2.360656	0.423611
14.076923	69	4.901639	0.204013
10.414634	42	4.032787	0.247967
10.855932	119	10.961749	0.091226
9.559701	37	3.870414	0.258370
11.336283	50	4.410617	0.226726
12.084906	94	7.778298	0.128563
12.683168	34	2.680718	0.373034
9.559701	29	3.033568	0.329645
10.948718	42	3.836066	0.260684
10.248000	52	5.074161	0.197077
11.437500	96	8.393443	0.119141
12.084906	28	2.316940	0.431604
9.419118	43	4.565183	0.219049
9.215827	36	3.906323	0.255995
9.778626	22	2.249805	0.444483
9.559701	22	2.301327	0.434532
10.414634	47	4.512881	0.221588
9.559701	49	5.125683	0.195096
9.559701	22	2.301327	0.434532
10.764706	25	2.322404	0.430588
8.958042	27	3.014052	0.331779
10.330645	33	3.194379	0.313050
9.559701	56	5.857923	0.170709
8.958042	22	2.455894	0.407184
7.810976	43	5.505074	0.181651
13.206186	45	3.407494	0.293471
10.086614	64	6.345043	0.157603
11.437500	82	7.169399	0.139482
9.778626	29	2.965652	0.337194
10.586777	65	6.139735	0.162873
10.248000	33	3.220141	0.310545
11.752294	44	3.743950	0.267098
9.704545	103	10.613583	0.094219
8.834483	51	5.772834	0.173225
9.631579	59	6.125683	0.163247
11.437500	103	9.005464	0.111044
10.500000	50	4.761905	0.210000
8.834483	20	2.263856	0.441724
7.491228	17	2.269321	0.440660
13.206186	48	3.634660	0.275129
10.948718	29	2.648712	0.377542
12.558824	91	7.245902	0.138009
9.150000	58	6.338798	0.157759
11.336283	68	5.998439	0.166710
8.597315	23	2.675254	0.373796
11.043103	39	3.531616	0.283156
9.488889	69	7.271663	0.137520
11.645455	86	7.384856	0.135412
8.714286	25	2.868852	0.348571
8.958042	54	6.028103	0.165890
8.773973	62	7.066354	0.141516
12.810000	42	3.278689	0.305000
11.752294	87	7.402810	0.135084
6.742105	34	5.042935	0.198297
8.895833	39	4.384075	0.228098
12.317308	88	7.144418	0.139969
11.645455	127	10.905543	0.091696
11.043103	92	8.330991	0.120034
9.085106	21	2.311475	0.432624
7.716867	41	5.313037	0.188216
9.085106	43	4.733021	0.211282
11.752294	78	6.637002	0.150670
9.559701	30	3.138173	0.318657
6.405000	30	4.683841	0.213500
14.076923	85	6.038251	0.165611
11.971963	66	5.512881	0.181393
8.006250	27	3.372365	0.296528
10.007812	40	3.996877	0.250195
12.317308	68	5.520687	0.181137
10.855932	25	2.302888	0.434237
12.084906	66	5.461358	0.183105
8.483444	25	2.946916	0.339338
11.645455	62	5.323966	0.187830
9.215827	34	3.689305	0.271054
11.043103	64	5.795472	0.172548
10.086614	26	2.577674	0.387947
7.491228	26	3.470726	0.288124
9.085106	40	4.402810	0.227128
10.855932	37	3.408275	0.293404
11.861111	78	6.576112	0.152066
8.773973	60	6.838407	0.146233
11.236842	74	6.585480	0.151849
10.764706	44	4.087432	0.244652
9.559701	50	5.230289	0.191194
9.631579	44	4.568306	0.218900
13.627660	89	6.530835	0.153120
12.558824	48	3.822014	0.261642
11.971963	86	7.183450	0.139209
10.948718	39	3.562061	0.280736
8.427632	80	9.492584	0.105345
7.716867	18	2.332553	0.428715
11.336283	90	7.939110	0.125959
8.264516	41	4.960968	0.201574
8.264516	26	3.145980	0.317866
12.317308	31	2.516784	0.397333
11.861111	83	6.997658	0.142905
8.714286	46	5.278689	0.189441
8.834483	76	8.602654	0.116243
11.645455	69	5.925059	0.168775
10.007812	58	5.795472	0.172548
9.930233	27	2.718970	0.367786
10.166667	55	5.409836	0.184848
9.559701	95	9.937549	0.100628
11.971963	33	2.756440	0.362787
12.683168	53	4.178767	0.239305
9.021127	57	6.318501	0.158265
10.248000	96	9.367681	0.106750
8.372549	20	2.388759	0.418627
10.248000	23	2.244340	0.445565
12.939394	95	7.341920	0.136204
11.437500	41	3.584699	0.278963
9.085106	55	6.053864	0.165184
10.948718	33	3.014052	0.331779
9.085106	59	6.494145	0.153985
9.778626	89	9.101483	0.109872
11.236842	33	2.936768	0.340510
12.200000	57	4.672131	0.214035
11.236842	104	9.255269	0.108047
9.085106	62	6.824356	0.146534
8.372549	55	6.569087	0.152228
11.139130	34	3.052303	0.327621
9.778626	85	8.692428	0.115043
10.586777	100	9.445746	0.105868
8.714286	56	6.426230	0.155612
9.488889	23	2.423888	0.412560
8.540000	20	2.341920	0.427000
11.971963	90	7.517564	0.133022
8.483444	48	5.658080	0.176738
6.850267	26	3.795472	0.263472
11.861111	46	3.878220	0.257850
11.437500	30	2.622951	0.381250
9.282609	48	5.170960	0.193388
11.139130	87	7.810304	0.128036
10.166667	98	9.639344	0.103741
10.586777	26	2.455894	0.407184
12.558824	89	7.086651	0.141110
10.586777	45	4.250585	0.235262
10.675000	78	7.306792	0.136859
8.895833	52	5.845433	0.171074
10.248000	26	2.537080	0.394154
10.586777	29	2.739266	0.365061
10.586777	63	5.950820	0.168044
9.085106	52	5.723653	0.174714
9.559701	47	4.916472	0.203398
8.958042	61	6.809524	0.146853
10.764706	35	3.251366	0.307563
11.336283	94	8.291959	0.120599
9.930233	63	6.344262	0.157623
11.139130	33	2.962529	0.337549
9.930233	85	8.559719	0.116826
9.631579	55	5.710383	0.175120
14.393258	92	6.391881	0.156448
9.930233	36	3.625293	0.275840
13.484211	83	6.155347	0.162460
10.500000	76	7.238095	0.138158
12.084906	77	6.371585	0.156947
11.861111	37	3.119438	0.320571
8.056604	33	4.096019	0.244140
12.558824	87	6.927400	0.144354
8.597315	33	3.838407	0.260525
9.150000	53	5.792350	0.172642
12.683168	86	6.780640	0.147479
11.236842	80	7.119438	0.140461
9.419118	55	5.839188	0.171257
13.923913	84	6.032787	0.165761
8.483444	34	4.007806	0.249513
11.752294	72	6.126464	0.163226
10.948718	26	2.374707	0.421105
11.971963	74	6.181109	0.161783
8.318182	31	3.726776	0.268328
12.436893	79	6.352069	0.157429
13.923913	87	6.248244	0.160045
12.683168	48	3.784543	0.264233
10.414634	62	5.953162	0.167978
8.895833	46	5.170960	0.193388
12.939394	87	6.723653	0.148729
8.540000	39	4.566745	0.218974
9.282609	74	7.971897	0.125441
10.948718	73	6.667447	0.149982
12.436893	93	7.477752	0.133730
9.704545	84	8.655738	0.115530
7.810976	40	5.120999	0.195274
12.683168	100	7.884465	0.126832
10.414634	29	2.784543	0.359125
10.675000	92	8.618267	0.116033
8.655405	54	6.238876	0.160285
13.343750	99	7.419204	0.134785
11.971963	59	4.928181	0.202915
12.436893	46	3.698673	0.270367
12.317308	98	7.956284	0.125687
10.007812	24	2.398126	0.416992
7.956522	48	6.032787	0.165761
9.559701	85	8.891491	0.112467
12.558824	91	7.245902	0.138009
12.939394	88	6.800937	0.147039
12.317308	66	5.358314	0.186626
8.483444	41	4.832943	0.206913
9.853846	82	8.321624	0.120169
9.778626	57	5.829040	0.171555
10.166667	54	5.311475	0.188272
11.645455	39	3.348946	0.298601
9.930233	48	4.833724	0.206880
10.586777	77	7.273224	0.137491
12.436893	70	5.628415	0.177670
9.631579	73	7.579235	0.131939
7.404624	20	2.701015	0.370231
12.436893	71	5.708821	0.175168
8.773973	29	3.305230	0.302551
11.236842	57	5.072600	0.197138
11.043103	34	3.078845	0.324797
10.248000	66	6.440281	0.155273
8.372549	20	2.388759	0.418627
11.336283	62	5.469165	0.182843
9.559701	68	7.113193	0.140584
9.930233	96	9.667447	0.103440
11.971963	68	5.679938	0.176058
11.645455	45	3.864169	0.258788
9.631579	68	7.060109	0.141641
11.861111	68	5.733021	0.174428
12.317308	32	2.597970	0.384916
12.084906	31	2.565183	0.389836
9.559701	70	7.322404	0.136567
12.084906	33	2.730679	0.366209
11.971963	72	6.014052	0.166277
8.211538	27	3.288056	0.304131
11.540541	68	5.892272	0.169714
8.958042	69	7.702576	0.129827
12.200000	74	6.065574	0.164865
11.437500	73	6.382514	0.156678
11.645455	40	3.434817	0.291136
8.655405	27	3.119438	0.320571
7.956522	50	6.284153	0.159130
13.774194	80	5.807963	0.172177
9.282609	32	3.447307	0.290082
11.540541	34	2.946136	0.339428
9.419118	77	8.174863	0.122326
11.540541	77	6.672131	0.149877
12.317308	52	4.221702	0.236871
11.139130	79	7.092116	0.141002
7.810976	71	9.089774	0.110014
7.077348	18	2.543326	0.393186
8.834483	37	4.188134	0.238770
11.336283	47	4.145980	0.241198
12.558824	82	6.529274	0.153156
12.683168	48	3.784543	0.264233
9.631579	77	7.994536	0.125085
11.861111	83	6.997658	0.142905
9.704545	54	5.564403	0.179714
10.855932	52	4.790008	0.208768
10.855932	43	3.960968	0.252464
8.655405	77	8.896175	0.112408
8.483444	31	3.654176	0.273659
12.558824	63	5.016393	0.199346
9.853846	70	7.103825	0.140769
8.318182	75	9.016393	0.110909
8.318182	75	9.016393	0.110909
10.414634	66	6.337237	0.157797
10.414634	46	4.416862	0.226405
12.084906	38	3.144418	0.318024
11.139130	82	7.361436	0.135843
8.107595	32	3.946916	0.253362
8.597315	80	9.305230	0.107466
10.948718	39	3.562061	0.280736
12.200000	61	5.000000	0.200000
9.282609	78	8.402810	0.119008
11.236842	79	7.030445	0.142239
7.116667	24	3.372365	0.296528
8.773973	22	2.507416	0.398817
10.330645	44	4.259173	0.234787
10.855932	70	6.448087	0.155085
9.021127	28	3.103825	0.322183
8.655405	71	8.202966	0.121907
7.000000	23	3.285714	0.304348
11.540541	41	3.552693	0.281477
12.683168	38	2.996097	0.333768
10.330645	30	2.903981	0.344355
8.006250	63	7.868852	0.127083
12.317308	98	7.956284	0.125687
11.437500	54	4.721311	0.211806
9.021127	30	3.325527	0.300704
11.752294	78	6.637002	0.150670
8.483444	26	3.064793	0.326286
11.043103	84	7.606557	0.131466
12.317308	55	4.465262	0.223951
10.855932	56	5.158470	0.193856
8.211538	31	3.775176	0.264888
10.166667	49	4.819672	0.207483
10.248000	56	5.464481	0.183000
9.021127	41	4.544887	0.220027
11.645455	50	4.293521	0.232909
10.500000	84	8.000000	0.125000
8.540000	32	3.747073	0.266875
9.778626	35	3.579235	0.279389
11.861111	88	7.419204	0.134785
11.645455	63	5.409836	0.184848
8.159236	27	3.309133	0.302194
12.317308	83	6.738486	0.148401
11.971963	52	4.343482	0.230230
8.159236	26	3.186573	0.313817
6.924324	23	3.321624	0.301058
11.971963	71	5.930523	0.168619
12.683168	43	3.390320	0.294957
9.350365	21	2.245902	0.445255
11.752294	56	4.765027	0.209862
13.071429	62	4.743169	0.210829
11.540541	55	4.765808	0.209828
10.500000	48	4.571429	0.218750
11.437500	52	4.546448	0.219952
17.310811	54	3.119438	0.320571
11.752294	53	4.509758	0.221741
12.200000	60	4.918033	0.203333
11.139130	57	5.117096	0.195423
13.071429	35	2.677596	0.373469
11.437500	26	2.273224	0.439904
9.778626	61	6.238095	0.160305
10.586777	64	6.045277	0.165418
10.948718	74	6.758782	0.147956
9.488889	29	3.056206	0.327203
10.330645	29	2.807182	0.356229
10.855932	75	6.908665	0.144746
10.586777	25	2.361436	0.423471
10.948718	74	6.758782	0.147956
9.930233	28	2.819672	0.354651
11.437500	31	2.710383	0.368952
10.764706	25	2.322404	0.430588
10.764706	68	6.316940	0.158304
10.948718	35	3.196721	0.312821
10.007812	63	6.295082	0.158854
11.540541	34	2.946136	0.339428
10.948718	32	2.922717	0.342147
9.778626	63	6.442623	0.155216
9.631579	23	2.387978	0.418764
9.704545	62	6.388759	0.156525
10.007812	63	6.295082	0.158854
10.855932	54	4.974239	0.201036
12.939394	70	5.409836	0.184848
10.086614	27	2.676815	0.373578
10.248000	70	6.830601	0.146400
11.139130	38	3.411397	0.293135
10.414634	44	4.224824	0.236696
9.559701	71	7.427010	0.134644
12.683168	83	6.544106	0.152809
10.007812	73	7.294301	0.137093
10.007812	41	4.096799	0.244093
9.853846	57	5.784543	0.172874
11.437500	45	3.934426	0.254167
13.343750	103	7.718970	0.129551
12.939394	83	6.414520	0.155896
10.948718	45	4.110070	0.243305
9.350365	71	7.593286	0.131695
11.645455	48	4.121780	0.242614
12.084906	93	7.695550	0.129945
10.007812	24	2.398126	0.416992
8.540000	68	7.962529	0.125588
11.971963	92	7.684621	0.130130
11.139130	40	3.590945	0.278478
8.107595	57	7.030445	0.142239
9.853846	72	7.306792	0.136859
10.086614	34	3.370804	0.296665
7.858896	48	6.107728	0.163727
13.774194	48	3.484778	0.286962
9.488889	67	7.060890	0.141625
13.343750	34	2.548009	0.392463
11.437500	46	4.021858	0.248641
8.655405	64	7.394223	0.135241
11.752294	28	2.382514	0.419725
9.930233	37	3.725995	0.268385
11.043103	79	7.153786	0.139786
7.237288	59	8.152225	0.122666
11.236842	40	3.559719	0.280921
8.655405	73	8.434036	0.118567
11.861111	39	3.288056	0.304131
9.559701	78	8.159251	0.122560
11.645455	43	3.692428	0.270825
8.895833	67	7.531616	0.132774
11.752294	47	3.999219	0.250049
8.540000	49	5.737705	0.174286
6.535714	50	7.650273	0.130714
11.139130	47	4.219360	0.237003
10.330645	75	7.259953	0.137742
10.330645	46	4.452771	0.224579
12.317308	29	2.354411	0.424735
21.350000	186	8.711944	0.114785
11.236842	54	4.805621	0.208090
11.043103	53	4.799375	0.208360
12.810000	58	4.527713	0.220862
10.855932	52	4.790008	0.208768
11.043103	53	4.799375	0.208360
11.336283	52	4.587041	0.218005
11.645455	92	7.900078	0.126581
10.948718	46	4.201405	0.238016
10.414634	44	4.224824	0.236696
10.675000	46	4.309133	0.232065
12.084906	35	2.896175	0.345283
11.437500	51	4.459016	0.224265
11.752294	57	4.850117	0.206181
11.043103	59	5.342701	0.187171
10.855932	63	5.803279	0.172316
11.437500	66	5.770492	0.173295
11.336283	67	5.910226	0.169198
10.586777	65	6.139735	0.162873
10.675000	87	8.149883	0.122701
11.236842	67	5.962529	0.167714
10.855932	69	6.355972	0.157332
11.971963	60	5.011710	0.199533
10.764706	50	4.644809	0.215294
8.773973	80	9.117877	0.109675
10.086614	60	5.948478	0.168110
9.853846	46	4.668228	0.214214
9.150000	53	5.792350	0.172642
9.419118	68	7.219360	0.138516
11.861111	65	5.480094	0.182479
9.085106	32	3.522248	0.283910
13.484211	79	5.858704	0.170686
11.971963	88	7.350507	0.136045
12.084906	77	6.371585	0.156947
9.488889	45	4.742389	0.210864
9.559701	82	8.577674	0.116582
13.343750	77	5.770492	0.173295
10.007812	80	7.993755	0.125098
8.773973	28	3.191257	0.313356
8.427632	59	7.000781	0.142841
12.317308	72	5.845433	0.171074
12.436893	60	4.824356	0.207282
7.670659	24	3.128806	0.319611
11.752294	57	4.850117	0.206181
10.675000	70	6.557377	0.152500
12.436893	58	4.663544	0.214429
10.855932	66	6.079625	0.164484
11.971963	53	4.427010	0.225886
10.500000	63	6.000000	0.166667
11.861111	46	3.878220	0.257850
9.559701	51	5.334895	0.187445
11.752294	44	3.743950	0.267098
11.139130	49	4.398907	0.227329
11.437500	59	5.158470	0.193856
11.336283	64	5.645589	0.177129
10.007812	76	7.594067	0.131682
11.645455	74	6.354411	0.157371
9.853846	58	5.886027	0.169894
8.540000	69	8.079625	0.123768
9.488889	61	6.428571	0.155556
10.414634	80	7.681499	0.130183
6.310345	20	3.169399	0.315517
10.248000	73	7.123341	0.140384
10.948718	65	5.936768	0.168442
10.764706	54	5.016393	0.199346
10.007812	65	6.494926	0.153966
9.419118	36	3.822014	0.261642
9.085106	46	5.063232	0.197502
9.631579	45	4.672131	0.214035
9.704545	31	3.194379	0.313050
10.086614	32	3.172521	0.315207
10.675000	45	4.215457	0.237222
8.655405	51	5.892272	0.169714
9.085106	50	5.503513	0.181702
9.778626	59	6.033568	0.165739
10.764706	67	6.224044	0.160667
9.853846	67	6.799375	0.147072
7.404624	59	7.967994	0.125502
9.282609	64	6.894614	0.145041
9.419118	62	6.582358	0.151921
9.559701	57	5.962529	0.167714
9.631579	67	6.956284	0.143755
10.166667	64	6.295082	0.158854
9.559701	68	7.113193	0.140584
9.488889	63	6.639344	0.150617
10.764706	41	3.808743	0.262554
10.007812	40	3.996877	0.250195
8.540000	60	7.025761	0.142333
8.958042	66	7.367681	0.135728
10.248000	42	4.098361	0.244000
12.317308	104	8.443404	0.118436
10.500000	43	4.095238	0.244186
11.437500	99	8.655738	0.115530
8.372549	64	7.644028	0.130821
7.763636	30	3.864169	0.258788
9.085106	36	3.962529	0.252364
10.948718	42	3.836066	0.260684
8.655405	62	7.163154	0.139603
11.437500	39	3.409836	0.293269
9.631579	67	6.956284	0.143755
9.419118	34	3.609680	0.277033
12.683168	106	8.357533	0.119653
9.631579	74	7.683060	0.130156
10.330645	76	7.356753	0.135930
7.535294	54	7.166276	0.139542
12.200000	135	11.065574	0.090370
10.248000	70	6.830601	0.146400
8.540000	70	8.196721	0.122000
7.858896	60	7.634660	0.130982
10.330645	62	6.001561	0.166623
8.483444	55	6.483216	0.154244
7.491228	52	6.941452	0.144062
14.393258	100	6.947697	0.143933
8.006250	48	5.995316	0.166797
10.330645	64	6.195160	0.161416
7.278409	52	7.144418	0.139969
6.603093	45	6.814988	0.146735
11.043103	63	5.704918	0.175287
7.404624	51	6.887588	0.145189
6.637306	39	5.875878	0.170187
7.038462	40	5.683060	0.175962
5.876147	25	4.254489	0.235046
6.637306	31	4.670570	0.214107
6.341584	34	5.361436	0.186517
7.579882	46	6.068696	0.164780
11.236842	71	6.318501	0.158265
11.236842	76	6.763466	0.147853
7.362069	33	4.482436	0.223093
10.007812	60	5.995316	0.166797
10.500000	50	4.761905	0.210000
18.300000	90	4.918033	0.203333
11.236842	48	4.271663	0.234101
11.437500	44	3.846995	0.259943
10.764706	34	3.158470	0.316609
10.855932	34	3.131928	0.319292
10.007812	29	2.897736	0.345097
10.855932	56	5.158470	0.193856
10.675000	60	5.620609	0.177917
10.586777	60	5.667447	0.176446
10.764706	65	6.038251	0.165611
11.540541	84	7.278689	0.137387
8.714286	59	6.770492	0.147700
7.858896	63	8.016393	0.124744
9.282609	69	7.433255	0.134531
10.855932	85	7.829820	0.127717
6.188406	45	7.271663	0.137520
7.956522	51	6.409836	0.156010
8.895833	46	5.170960	0.193388
11.236842	92	8.187354	0.122140
10.007812	56	5.595628	0.178711
8.834483	55	6.225605	0.160627
11.540541	113	9.791569	0.102129
9.282609	61	6.571429	0.152174
9.350365	68	7.272443	0.137505
11.540541	83	7.192037	0.139043
9.631579	67	6.956284	0.143755
24.634615	105	4.262295	0.234615
8.006250	51	6.370023	0.156985
11.971963	71	5.930523	0.168619
11.043103	66	5.976581	0.167320
9.704545	52	5.358314	0.186626
8.107595	46	5.673692	0.176252
11.861111	75	6.323185	0.158148
9.778626	57	5.829040	0.171555
10.948718	74	6.758782	0.147956
24.634615	109	4.424668	0.226006
10.248000	64	6.245121	0.160125
11.971963	84	7.016393	0.142523
11.139130	101	9.067135	0.110288
11.752294	75	6.381733	0.156697
5.103586	26	5.094457	0.196292
12.084906	76	6.288837	0.159012
8.714286	47	5.393443	0.185410
7.716867	38	4.924278	0.203075
10.086614	85	8.427010	0.118666
10.948718	48	4.384075	0.228098
11.236842	82	7.297424	0.137035
8.159236	31	3.799375	0.263201
11.139130	41	3.680718	0.271686
11.540541	39	3.379391	0.295911
10.948718	76	6.941452	0.144062
10.586777	42	3.967213	0.252066
11.139130	59	5.296643	0.188799
12.810000	81	6.323185	0.158148
10.414634	92	8.833724	0.113203
11.971963	87	7.266979	0.137609
7.810976	45	5.761124	0.173577
8.159236	57	6.985948	0.143144
9.282609	60	6.463700	0.154710
10.675000	86	8.056206	0.124128
12.683168	84	6.622951	0.150990
11.236842	88	7.831382	0.127691
6.373134	50	7.845433	0.127463
10.855932	84	7.737705	0.129237
11.336283	84	7.409836	0.134956
10.500000	64	6.095238	0.164062
7.810976	39	4.992974	0.200281
10.086614	75	7.435597	0.134488
6.341584	29	4.572990	0.218675
21.350000	234	10.960187	0.091239
11.139130	79	7.092116	0.141002
6.071090	26	4.282592	0.233503
11.540541	84	7.278689	0.137387
10.248000	71	6.928181	0.144338
11.336283	69	6.086651	0.164294
10.764706	81	7.524590	0.132898
11.043103	112	10.142077	0.098599
11.971963	84	7.016393	0.142523
10.500000	71	6.761905	0.147887
10.855932	83	7.645589	0.130794
10.675000	85	7.962529	0.125588
12.939394	41	3.168618	0.315595
10.166667	80	7.868852	0.127083
13.774194	137	9.946136	0.100542
12.200000	73	5.983607	0.167123
9.930233	80	8.056206	0.124128
10.586777	87	8.217799	0.121687
9.559701	67	7.008587	0.142682
4.870722	22	4.516784	0.221396
10.500000	89	8.476190	0.117978
10.855932	72	6.632319	0.150777
10.007812	86	8.593286	0.116370
10.414634	66	6.337237	0.157797
10.500000	73	6.952381	0.143836
9.853846	85	8.626073	0.115928
10.330645	85	8.227947	0.121537
9.559701	68	7.113193	0.140584
11.645455	39	3.348946	0.298601
11.336283	75	6.615925	0.151150
8.834483	80	9.055425	0.110431
4.494737	18	4.004684	0.249708
21.000000	121	5.761905	0.173554
9.150000	82	8.961749	0.111585
11.645455	94	8.071819	0.123888
10.675000	102	9.555035	0.104657
4.417241	19	4.301327	0.232486
9.930233	107	10.775176	0.092806
4.833962	44	9.102264	0.109863
9.631579	106	11.005464	0.090864
11.336283	99	8.733021	0.114508
9.419118	101	10.722873	0.093259
9.559701	95	9.937549	0.100628
5.293388	42	7.934426	0.126033
11.540541	68	5.892272	0.169714
10.855932	82	7.553474	0.132389
5.796380	50	8.626073	0.115928
8.714286	82	9.409836	0.106272
11.971963	85	7.099922	0.140847
9.631579	90	9.344262	0.107018
9.930233	62	6.243560	0.160165
5.103586	44	8.621390	0.115991
10.764706	80	7.431694	0.134559
9.215827	88	9.548790	0.104725
5.228571	44	8.415301	0.118831
7.447674	68	9.130367	0.109525
4.241722	20	4.715066	0.212086
11.752294	103	8.764247	0.114100
5.382353	54	10.032787	0.099673
9.021127	87	9.644028	0.103691
5.822727	45	7.728337	0.129394
9.778626	91	9.306011	0.107457
5.186235	44	8.483997	0.117869
8.107595	74	9.127244	0.109562
9.350365	87	9.304450	0.107475
9.631579	73	7.579235	0.131939
6.405000	57	8.899297	0.112368
10.007812	66	6.594848	0.151634
9.631579	85	8.825137	0.113313
6.158654	22	3.572209	0.279939
10.086614	43	4.263076	0.234572
10.248000	84	8.196721	0.122000
9.150000	79	8.633880	0.115823
8.372549	75	8.957845	0.111634
8.540000	82	9.601874	0.104146
9.150000	80	8.743169	0.114375
9.559701	82	8.577674	0.116582
6.100000	62	10.163934	0.098387
9.559701	84	8.786885	0.113806
5.083333	41	8.065574	0.123984
13.071429	91	6.961749	0.143642
6.188406	57	9.210773	0.108569
8.655405	81	9.358314	0.106857
9.631579	66	6.852459	0.145933
10.414634	91	8.737705	0.114447
6.777778	67	9.885246	0.101161
6.158654	51	8.281030	0.120758
10.675000	82	7.681499	0.130183
4.908046	21	4.278689	0.233716
8.958042	69	7.702576	0.129827
8.773973	41	4.672912	0.213999
8.895833	42	4.721311	0.211806
9.853846	69	7.002342	0.142809
10.675000	73	6.838407	0.146233
7.447674	40	5.370804	0.186192
7.858896	34	4.326308	0.231144
10.330645	73	7.066354	0.141516
10.586777	73	6.895394	0.145024
9.559701	42	4.393443	0.227612
16.215190	76	4.686963	0.213358
10.166667	67	6.590164	0.151741
9.778626	39	3.988290	0.250734
13.071429	76	5.814208	0.171992
9.350365	47	5.026542	0.198944
9.631579	55	5.710383	0.175120
10.586777	32	3.022639	0.330837
10.586777	61	5.761905	0.173554
9.559701	54	5.648712	0.177032
9.085106	23	2.531616	0.395005
9.778626	58	5.931304	0.168597
9.559701	43	4.498048	0.222319
10.166667	63	6.196721	0.161376
9.085106	46	5.063232	0.197502
9.704545	62	6.388759	0.156525
9.488889	61	6.428571	0.155556
9.021127	42	4.655738	0.214789
9.853846	65	6.596409	0.151598
9.778626	63	6.442623	0.155216
10.007812	62	6.195160	0.161416
9.853846	28	2.841530	0.351923
10.764706	64	5.945355	0.168199
8.427632	19	2.254489	0.443560
9.704545	56	5.770492	0.173295
9.778626	55	5.624512	0.177793
10.414634	58	5.569087	0.179563
10.086614	35	3.469945	0.288189
9.853846	62	6.291959	0.158933
10.414634	78	7.489461	0.133521
11.043103	84	7.606557	0.131466
9.488889	83	8.747073	0.114324
10.855932	68	6.263856	0.159646
9.085106	95	10.456674	0.095633
12.436893	112	9.005464	0.111044
22.086207	138	6.248244	0.160045
10.007812	98	9.792350	0.102121
8.895833	96	10.791569	0.092665
10.500000	92	8.761905	0.114130
10.007812	55	5.495706	0.181960
9.488889	91	9.590164	0.104274
11.043103	76	6.882123	0.145304
9.150000	83	9.071038	0.110241
8.056604	41	5.088993	0.196503
8.655405	72	8.318501	0.120214
7.447674	33	4.430913	0.225687
8.211538	64	7.793911	0.128305
8.958042	70	7.814208	0.127972
10.586777	51	4.817330	0.207584
8.655405	68	7.856362	0.127285
9.930233	40	4.028103	0.248256
6.813830	17	2.494926	0.400814
8.107595	60	7.400468	0.135127
9.150000	63	6.885246	0.145238
9.021127	29	3.214676	0.311073
9.350365	61	6.523810	0.153285
8.540000	58	6.791569	0.147241
8.958042	64	7.144418	0.139969
8.264516	62	7.501952	0.133299
22.875000	109	4.765027	0.209862
10.007812	49	4.896175	0.204241
8.006250	64	7.993755	0.125098
8.427632	70	8.306011	0.120395
8.655405	67	7.740827	0.129185
16.855263	104	6.170180	0.162070
8.483444	63	7.426230	0.134658
16.012500	63	3.934426	0.254167
9.419118	56	5.945355	0.168199
7.956522	24	3.016393	0.331522
14.076923	57	4.049180	0.246964
9.704545	33	3.400468	0.294077
8.427632	60	7.119438	0.140461
10.500000	39	3.714286	0.269231
8.714286	66	7.573770	0.132035
10.166667	75	7.377049	0.135556
11.971963	80	6.682279	0.149650
9.853846	54	5.480094	0.182479
9.350365	64	6.844653	0.146099
10.855932	32	2.947697	0.339248
10.007812	67	6.694770	0.149370
11.437500	74	6.469945	0.154561
12.200000	41	3.360656	0.297561
9.282609	61	6.571429	0.152174
11.043103	39	3.531616	0.283156
8.958042	59	6.586261	0.151831
22.875000	100	4.371585	0.228750
10.764706	37	3.437158	0.290938
9.853846	37	3.754879	0.266320
9.778626	74	7.567525	0.132144
8.372549	56	6.688525	0.149510
8.372549	57	6.807963	0.146887
9.021127	73	8.092116	0.123577
7.625000	55	7.213115	0.138636
11.043103	42	3.803279	0.262931
8.483444	62	7.308353	0.136830
8.895833	56	6.295082	0.158854
9.930233	35	3.524590	0.283721
12.558824	44	3.503513	0.285428
7.763636	57	7.341920	0.136204
11.645455	42	3.606557	0.277273
11.139130	45	4.039813	0.247536
8.895833	66	7.419204	0.134785
11.861111	45	3.793911	0.263580
8.107595	72	8.880562	0.112605
8.483444	61	7.190476	0.139073
10.086614	84	8.327869	0.120079
7.579882	52	6.860265	0.145767
12.084906	36	2.978923	0.335692
6.887097	46	6.679157	0.149719
13.627660	70	5.136612	0.194681
11.540541	38	3.292740	0.303698
7.278409	49	6.732240	0.148539
22.875000	105	4.590164	0.217857
13.627660	72	5.283372	0.189273
12.558824	32	2.548009	0.392463
9.419118	40	4.246682	0.235478
7.116667	46	6.463700	0.154710
7.038462	41	5.825137	0.171670
7.907407	55	6.955504	0.143771
12.436893	65	5.226386	0.191337
7.535294	48	6.370023	0.156985
11.752294	70	5.956284	0.167890
11.971963	40	3.341140	0.299299
11.437500	59	5.158470	0.193856
10.086614	25	2.478532	0.403465
8.159236	44	5.392662	0.185437
7.491228	61	8.142857	0.122807
8.107595	44	5.427010	0.184264
12.558824	32	2.548009	0.392463
10.764706	24	2.229508	0.448529
9.085106	54	5.943794	0.168243
10.166667	28	2.754098	0.363095
11.437500	31	2.710383	0.368952
9.282609	58	6.248244	0.160045
11.540541	32	2.772834	0.360642
7.625000	48	6.295082	0.158854
8.211538	78	9.498829	0.105276
8.958042	63	7.032787	0.142191
17.791667	62	3.484778	0.286962
15.621951	64	4.096799	0.244093
7.907407	57	7.208431	0.138726
19.409091	72	3.709602	0.269571
6.777778	45	6.639344	0.150617
9.350365	67	7.165496	0.139558
11.043103	33	2.988290	0.334639
12.436893	53	4.261514	0.234658
7.535294	49	6.502732	0.153782
8.211538	54	6.576112	0.152066
12.200000	52	4.262295	0.234615
6.706806	41	6.113193	0.163581
12.939394	97	7.496487	0.133396
12.558824	54	4.299766	0.232571
9.021127	26	2.882123	0.346966
7.320000	46	6.284153	0.159130
12.436893	97	7.799375	0.128215
12.558824	51	4.060890	0.246251
11.139130	44	3.950039	0.253162
6.637306	33	4.971897	0.201130
10.086614	89	8.823575	0.113333
6.637306	35	5.273224	0.189637
21.711864	95	4.375488	0.228546
9.559701	91	9.519126	0.105052
11.971963	49	4.092896	0.244326
8.714286	53	6.081967	0.164420
6.042453	29	4.799375	0.208360
10.948718	30	2.740047	0.364957
12.317308	51	4.140515	0.241516
6.637306	37	5.574551	0.179387
11.752294	51	4.339578	0.230437
7.196629	43	5.975020	0.167363
10.500000	102	9.714286	0.102941
12.317308	53	4.302888	0.232402
8.714286	23	2.639344	0.378882
11.236842	107	9.522248	0.105017
7.000000	43	6.142857	0.162791
12.200000	105	8.606557	0.116190
7.196629	37	5.141296	0.194503
12.200000	50	4.098361	0.244000
12.317308	45	3.653396	0.273718
6.310345	25	3.961749	0.252414
7.858896	38	4.835285	0.206813
10.764706	27	2.508197	0.398693
10.855932	26	2.395004	0.417536
6.777778	26	3.836066	0.260684
11.336283	27	2.381733	0.419862
10.330645	38	3.678376	0.271859
6.158654	31	5.033568	0.198666
9.778626	39	3.988290	0.250734
10.086614	23	2.280250	0.438548
5.593886	28	5.005464	0.199782
5.958140	51	8.559719	0.116826
9.350365	36	3.850117	0.259732
6.188406	34	5.494145	0.182012
5.618421	28	4.983607	0.200658
12.810000	43	3.356753	0.297907
6.569231	35	5.327869	0.187692
10.586777	28	2.644809	0.378099
5.985981	25	4.176425	0.239439
23.290909	257	11.034348	0.090626
12.084906	62	5.130367	0.194918
8.056604	60	7.447307	0.134277
5.643172	21	3.721311	0.268722
11.139130	71	6.373927	0.156889
6.777778	49	7.229508	0.138322
6.405000	31	4.839969	0.206613
6.373134	49	7.688525	0.130064
10.764706	85	7.896175	0.126644
7.716867	60	7.775176	0.128614
7.278409	63	8.655738	0.115530
11.540541	56	4.852459	0.206081
9.559701	86	8.996097	0.111159
9.704545	83	8.552693	0.116922
5.207317	32	6.145199	0.162729
10.675000	34	3.185012	0.313971
6.129187	39	6.362998	0.157159
15.070588	86	5.706479	0.175239
10.414634	65	6.241218	0.160225
5.451064	27	4.953162	0.201891
9.559701	68	7.113193	0.140584
9.631579	27	2.803279	0.356725
17.791667	86	4.833724	0.206880
8.655405	59	6.816550	0.146702
10.586777	60	5.667447	0.176446
18.838235	84	4.459016	0.224265
10.675000	55	5.152225	0.194091
11.236842	72	6.407494	0.156067
6.341584	34	5.361436	0.186517
10.675000	63	5.901639	0.169444
5.985981	34	5.679938	0.176058
10.948718	78	7.124122	0.140368
5.497854	38	6.911788	0.144680
10.948718	26	2.374707	0.421105
6.850267	49	7.153005	0.139801
11.043103	26	2.354411	0.424735
11.336283	34	2.999219	0.333420
11.139130	27	2.423888	0.412560
7.535294	49	6.502732	0.153782
10.330645	27	2.613583	0.382616
7.810976	70	8.961749	0.111585
14.076923	50	3.551913	0.281538
7.320000	44	6.010929	0.166364
7.077348	40	5.651835	0.176934
12.200000	49	4.016393	0.248980
9.282609	30	3.231850	0.309420
10.586777	47	4.439500	0.225251
11.043103	49	4.437158	0.225369
10.007812	54	5.395785	0.185330
10.948718	50	4.566745	0.218974
10.675000	47	4.402810	0.227128
9.930233	59	5.941452	0.168309
14.393258	48	3.334895	0.299860
13.071429	51	3.901639	0.256303
11.645455	26	2.232631	0.447902
9.631579	74	7.683060	0.130156
13.071429	59	4.513661	0.221550
9.559701	22	2.301327	0.434532
11.645455	75	6.440281	0.155273
12.939394	48	3.709602	0.269571
11.139130	61	5.476190	0.182609
10.086614	58	5.750195	0.173907
11.645455	46	3.950039	0.253162
10.764706	35	3.251366	0.307563
12.317308	48	3.896956	0.256611
10.007812	38	3.797034	0.263363
7.320000	45	6.147541	0.162667
10.764706	40	3.715847	0.269118
10.948718	76	6.941452	0.144062
7.320000	44	6.010929	0.166364
11.540541	45	3.899297	0.256456
7.320000	54	7.377049	0.135556
11.236842	43	3.826698	0.261322
10.675000	25	2.341920	0.427000
12.810000	54	4.215457	0.237222
9.021127	78	8.646370	0.115655
11.752294	47	3.999219	0.250049
12.683168	47	3.705699	0.269855
7.196629	22	3.056987	0.327120
9.085106	30	3.302108	0.302837
9.488889	32	3.372365	0.296528
9.704545	38	3.915691	0.255383
9.282609	35	3.770492	0.265217
8.264516	74	8.953942	0.111683
9.930233	32	3.222482	0.310320
12.200000	42	3.442623	0.290476
9.631579	27	2.803279	0.356725
9.350365	21	2.245902	0.445255
11.139130	44	3.950039	0.253162
9.085106	84	9.245902	0.108156
6.742105	32	4.746292	0.210691
10.675000	109	10.210773	0.097936
3.362205	34	10.112412	0.098888
11.645455	114	9.789227	0.102153
10.764706	114	10.590164	0.094427
10.764706	24	2.229508	0.448529
6.158654	24	3.896956	0.256611
11.336283	48	4.234192	0.236173
11.043103	61	5.523810	0.181034
11.971963	28	2.338798	0.427570
21.000000	115	5.476190	0.182609
11.861111	63	5.311475	0.188272
12.084906	74	6.123341	0.163310
10.166667	52	5.114754	0.195513
11.861111	107	9.021077	0.110852
10.764706	108	10.032787	0.099673
7.491228	41	5.473068	0.182713
8.597315	43	5.001561	0.199938
10.764706	119	11.054645	0.090460
6.188406	14	2.262295	0.442029
10.764706	65	6.038251	0.165611
9.559701	52	5.439500	0.183840
20.333333	70	3.442623	0.290476
12.084906	33	2.730679	0.366209
7.716867	33	4.276347	0.233844
11.236842	47	4.182670	0.239082
9.085106	33	3.632319	0.275306
16.423077	51	3.105386	0.322021
13.923913	132	9.480094	0.105484
9.488889	26	2.740047	0.364957
9.085106	36	3.962529	0.252364
6.777778	22	3.245902	0.308081
22.086207	75	3.395785	0.294483
6.218447	14	2.251366	0.444175
15.250000	65	4.262295	0.234615
15.814815	161	10.180328	0.098229
7.237288	17	2.348946	0.425723
16.423077	165	10.046838	0.099534
6.502538	67	10.303669	0.097053
10.586777	70	6.612022	0.151240
12.084906	71	5.875098	0.170210
20.015625	59	2.947697	0.339248
11.971963	123	10.274005	0.097333
12.200000	72	5.901639	0.169444
10.500000	66	6.285714	0.159091
12.939394	75	5.796253	0.172525
15.433735	45	2.915691	0.342972
9.021127	92	10.198283	0.098056
19.707692	46	2.334114	0.428428
12.558824	33	2.627635	0.380570
13.206186	31	2.347385	0.426006
12.810000	39	3.044496	0.328462
23.290909	100	4.293521	0.232909
11.139130	32	2.872756	0.348098
16.012500	62	3.871975	0.258266
14.724138	60	4.074941	0.245402
15.433735	48	3.110070	0.321536
12.436893	52	4.181109	0.239171
13.343750	57	4.271663	0.234101
13.343750	59	4.421546	0.226165
14.233333	62	4.355972	0.229570
14.076923	61	4.333333	0.230769
14.076923	51	3.622951	0.276018
23.722222	134	5.648712	0.177032
14.724138	57	3.871194	0.258318
14.724138	65	4.414520	0.226525
7.625000	20	2.622951	0.381250
13.484211	68	5.042935	0.198297
7.156425	20	2.794692	0.357821
14.724138	72	4.889930	0.204502
7.670659	24	3.128806	0.319611
15.250000	69	4.524590	0.221014
8.427632	23	2.729118	0.366419
11.236842	36	3.203747	0.312135
8.264516	22	2.661983	0.375660
12.558824	61	4.857143	0.205882
8.318182	21	2.524590	0.396104
10.330645	45	4.355972	0.229570
12.810000	61	4.761905	0.210000
12.683168	57	4.494145	0.222512
13.774194	62	4.501171	0.222164
12.683168	60	4.730679	0.211386
11.437500	54	4.721311	0.211806
13.071429	63	4.819672	0.207483
12.810000	63	4.918033	0.203333
13.206186	67	5.073380	0.197107
12.084906	69	5.709602	0.175144
10.855932	64	5.895394	0.169624
10.166667	58	5.704918	0.175287
22.875000	70	3.060109	0.326786
11.540541	66	5.718970	0.174857
13.206186	114	8.632319	0.115844
10.166667	55	5.409836	0.184848
11.645455	56	4.808743	0.207955
10.948718	105	9.590164	0.104274
14.076923	60	4.262295	0.234615
11.043103	51	4.618267	0.216531
12.683168	53	4.178767	0.239305
12.558824	50	3.981265	0.251176
12.558824	49	3.901639	0.256303
11.437500	43	3.759563	0.265988
12.084906	44	3.640906	0.274657
11.336283	41	3.616706	0.276495
12.436893	44	3.537861	0.282657
11.336283	40	3.528493	0.283407
15.814815	54	3.414520	0.292867
12.810000	44	3.434817	0.291136
11.437500	39	3.409836	0.293269
11.437500	39	3.409836	0.293269
10.007812	69	6.894614	0.145041
11.336283	29	2.558158	0.390906
10.500000	63	6.000000	0.166667
12.200000	76	6.229508	0.160526
11.139130	33	2.962529	0.337549
12.317308	107	8.686963	0.115115
10.586777	111	10.484778	0.095376
12.558824	133	10.590164	0.094427
13.071429	134	10.251366	0.097548
10.855932	28	2.579235	0.387712
10.948718	35	3.196721	0.312821
11.043103	38	3.441062	0.290608
9.350365	23	2.459797	0.406538
10.166667	29	2.852459	0.350575
10.086614	25	2.478532	0.403465
10.675000	29	2.716628	0.368103
9.350365	23	2.459797	0.406538
10.086614	26	2.577674	0.387947
12.200000	45	3.688525	0.271111
10.007812	30	2.997658	0.333594
10.586777	37	3.494926	0.286129
13.343750	37	2.772834	0.360642
10.500000	36	3.428571	0.291667
11.752294	32	2.722873	0.367259
12.939394	100	7.728337	0.129394
10.330645	38	3.678376	0.271859
8.597315	30	3.489461	0.286577
9.930233	40	4.028103	0.248256
9.631579	43	4.464481	0.223990
11.437500	32	2.797814	0.357422
9.704545	44	4.533958	0.220558
10.855932	36	3.316159	0.301554
9.631579	47	4.879781	0.204927
11.645455	33	2.833724	0.352893
9.559701	42	4.393443	0.227612
7.116667	24	3.372365	0.296528
9.282609	44	4.740047	0.210968
11.437500	44	3.846995	0.259943
12.558824	38	3.025761	0.330495
8.895833	42	4.721311	0.211806
11.861111	37	3.119438	0.320571
8.211538	36	4.384075	0.228098
10.675000	35	3.278689	0.305000
10.330645	31	3.000781	0.333247
8.655405	42	4.852459	0.206081
11.861111	36	3.035129	0.329475
8.540000	37	4.332553	0.230811
11.540541	42	3.639344	0.274775
8.773973	20	2.279469	0.438699
10.855932	26	2.395004	0.417536
12.683168	52	4.099922	0.243907
12.683168	30	2.365340	0.422772
9.853846	34	3.450429	0.289819
10.007812	36	3.597190	0.277995
11.437500	29	2.535519	0.394397
11.437500	48	4.196721	0.238281
11.645455	26	2.232631	0.447902
11.861111	81	6.829040	0.146433
11.540541	28	2.426230	0.412162
11.043103	32	2.897736	0.345097
8.597315	41	4.768931	0.209691
10.675000	93	8.711944	0.114785
11.236842	30	2.669789	0.374561
8.655405	22	2.541764	0.393428
10.855932	33	3.039813	0.328968
9.853846	44	4.465262	0.223951
10.764706	32	2.972678	0.336397
9.282609	33	3.555035	0.281291
8.372549	37	4.419204	0.226285
12.939394	64	4.946136	0.202178
10.007812	39	3.896956	0.256611
11.540541	32	2.772834	0.360642
10.248000	40	3.903201	0.256200
12.317308	62	5.033568	0.198666
10.855932	76	7.000781	0.142841
12.200000	57	4.672131	0.214035
8.834483	40	4.527713	0.220862
11.971963	56	4.677596	0.213785
11.236842	39	3.470726	0.288124
10.948718	39	3.562061	0.280736
10.855932	48	4.421546	0.226165
10.414634	37	3.552693	0.281477
11.437500	36	3.147541	0.317708
11.139130	42	3.770492	0.265217
9.488889	36	3.793911	0.263580
10.500000	48	4.571429	0.218750
11.236842	41	3.648712	0.274069
8.107595	30	3.700234	0.270253
10.500000	38	3.619048	0.276316
10.586777	32	3.022639	0.330837
8.211538	36	4.384075	0.228098
18.838235	81	4.299766	0.232571
12.084906	31	2.565183	0.389836
10.675000	73	6.838407	0.146233
10.764706	66	6.131148	0.163102
9.853846	62	6.291959	0.158933
8.958042	53	5.916472	0.169020
14.895349	48	3.222482	0.310320
11.540541	41	3.552693	0.281477
12.200000	38	3.114754	0.321053
12.317308	50	4.059329	0.246346
12.084906	51	4.220141	0.236959
9.631579	45	4.672131	0.214035
10.500000	49	4.666667	0.214286
11.540541	51	4.419204	0.226285
8.107595	44	5.427010	0.184264
11.540541	65	5.632319	0.177547
11.437500	53	4.633880	0.215802
10.166667	50	4.918033	0.203333
8.540000	65	7.611241	0.131385
8.056604	76	9.433255	0.106008
12.683168	43	3.390320	0.294957
8.540000	44	5.152225	0.194091
13.206186	72	5.451991	0.183419
7.858896	46	5.853240	0.170846
11.437500	65	5.683060	0.175962
16.012500	90	5.620609	0.177917
13.343750	85	6.370023	0.156985
11.336283	50	4.410617	0.226726
11.139130	52	4.668228	0.214214
9.282609	30	3.231850	0.309420
11.139130	50	4.488681	0.222783
12.317308	56	4.546448	0.219952
9.778626	24	2.454333	0.407443
12.810000	44	3.434817	0.291136
11.861111	38	3.203747	0.312135
12.939394	43	3.323185	0.300916
10.764706	89	8.267760	0.120952
12.084906	40	3.309914	0.302123
8.958042	29	3.237315	0.308898
10.586777	43	4.061671	0.246204
9.419118	35	3.715847	0.269118
11.043103	35	3.169399	0.315517
10.500000	33	3.142857	0.318182
21.711864	173	7.967994	0.125502
10.855932	44	4.053084	0.246726
9.930233	43	4.330211	0.230936
10.248000	42	4.098361	0.244000
11.043103	74	6.701015	0.149231
10.675000	32	2.997658	0.333594
12.810000	89	6.947697	0.143933
11.139130	114	10.234192	0.097712
10.500000	41	3.904762	0.256098
11.971963	116	9.689305	0.103207
10.500000	38	3.619048	0.276316
14.393258	79	5.488681	0.182193
13.343750	75	5.620609	0.177917
12.200000	53	4.344262	0.230189
10.248000	44	4.293521	0.232909
13.071429	82	6.273224	0.159408
24.169811	227	9.391881	0.106475
12.200000	50	4.098361	0.244000
12.683168	83	6.544106	0.152809
11.752294	83	7.062451	0.141594
12.810000	93	7.259953	0.137742
12.084906	58	4.799375	0.208360
11.752294	90	7.658080	0.130581
12.084906	92	7.612802	0.131358
10.248000	50	4.879001	0.204960
19.119403	105	5.491803	0.182090
11.971963	94	7.851678	0.127361
11.236842	96	8.543326	0.117050
10.500000	52	4.952381	0.201923
13.484211	64	4.746292	0.210691
12.939394	96	7.419204	0.134785
8.540000	36	4.215457	0.237222
13.071429	69	5.278689	0.189441
12.317308	75	6.088993	0.164231
9.021127	63	6.983607	0.143192
9.419118	72	7.644028	0.130821
11.752294	80	6.807182	0.146904
9.488889	72	7.587822	0.131790
12.084906	78	6.454333	0.154935
10.500000	70	6.666667	0.150000
12.317308	40	3.247463	0.307933
11.336283	70	6.174863	0.161947
10.948718	72	6.576112	0.152066
12.436893	71	5.708821	0.175168
9.930233	62	6.243560	0.160165
12.317308	46	3.734582	0.267768
10.675000	65	6.088993	0.164231
11.043103	68	6.157689	0.162399
11.139130	43	3.860265	0.259050
10.414634	49	4.704918	0.212544
10.948718	70	6.393443	0.156410
10.855932	55	5.066354	0.197381
11.437500	55	4.808743	0.207955
11.236842	60	5.339578	0.187281
10.248000	58	5.659641	0.176690
10.007812	55	5.495706	0.181960
11.336283	50	4.410617	0.226726
7.320000	41	5.601093	0.178537
11.540541	34	2.946136	0.339428
9.215827	41	4.448868	0.224776
7.156425	16	2.235753	0.447277
10.248000	43	4.195941	0.238326
9.778626	25	2.556596	0.391145
13.343750	108	8.093677	0.123553
11.540541	32	2.772834	0.360642
8.540000	39	4.566745	0.218974
9.704545	30	3.091335	0.323485
6.637306	21	3.163934	0.316062
24.169811	96	3.971897	0.251769
11.971963	37	3.090554	0.323567
8.264516	44	5.323966	0.187830
7.237288	24	3.316159	0.301554
11.437500	68	5.945355	0.168199
13.071429	72	5.508197	0.181548
12.200000	30	2.459016	0.406667
10.007812	67	6.694770	0.149370
11.437500	70	6.120219	0.163393
11.236842	70	6.229508	0.160526
11.861111	62	5.227166	0.191308
13.071429	53	4.054645	0.246631
12.200000	47	3.852459	0.259574
13.206186	59	4.467603	0.223834
12.200000	69	5.655738	0.176812
10.166667	56	5.508197	0.181548
12.810000	80	6.245121	0.160125
11.971963	78	6.515222	0.153487
10.764706	65	6.038251	0.165611
11.752294	73	6.211553	0.160990
12.436893	76	6.110851	0.163643
11.437500	73	6.382514	0.156678
11.437500	75	6.557377	0.152500
10.586777	75	7.084309	0.141157
9.488889	76	8.009368	0.124854
9.631579	82	8.513661	0.117458
7.956522	80	10.054645	0.099457
17.547945	66	3.761124	0.265878
24.634615	261	10.594848	0.094385
17.080000	62	3.629977	0.275484
10.414634	65	6.241218	0.160225
20.661290	50	2.419984	0.413226
13.774194	55	3.992974	0.250440
17.791667	43	2.416862	0.413760
13.343750	32	2.398126	0.416992
8.958042	56	6.251366	0.159965
8.958042	58	6.474629	0.154449
14.393258	83	5.766589	0.173413
20.333333	195	9.590164	0.104274
11.540541	82	7.105386	0.140738
10.948718	32	2.922717	0.342147
12.317308	102	8.281030	0.120758
10.166667	73	7.180328	0.139269
10.675000	79	7.400468	0.135127
10.166667	76	7.475410	0.133772
11.437500	89	7.781421	0.128511
9.419118	81	8.599532	0.116285
8.958042	43	4.800156	0.208327
11.336283	33	2.911007	0.343524
11.645455	42	3.606557	0.277273
12.200000	36	2.950820	0.338889
12.436893	52	4.181109	0.239171
10.948718	25	2.283372	0.437949
16.855263	73	4.330991	0.230894
11.540541	67	5.805621	0.172247
14.233333	49	3.442623	0.290476
10.166667	34	3.344262	0.299020
11.971963	49	4.092896	0.244326
12.558824	44	3.503513	0.285428
11.752294	38	3.233411	0.309271
11.043103	30	2.716628	0.368103
13.484211	34	2.521468	0.396594
8.714286	33	3.786885	0.264069
14.556818	50	3.434817	0.291136
12.200000	38	3.114754	0.321053
11.139130	33	2.962529	0.337549
10.007812	26	2.597970	0.384916
12.200000	34	2.786885	0.358824
11.139130	59	5.296643	0.188799
12.084906	35	2.896175	0.345283
10.675000	52	4.871194	0.205288
10.855932	53	4.882123	0.204829
12.317308	38	3.085090	0.324140
9.150000	45	4.918033	0.203333
10.855932	59	5.434817	0.183999
11.861111	38	3.203747	0.312135
10.586777	66	6.234192	0.160406
10.764706	68	6.316940	0.158304
11.861111	42	3.540984	0.282407
11.645455	37	3.177205	0.314742
11.139130	65	5.835285	0.171371
8.372549	50	5.971897	0.167451
11.752294	60	5.105386	0.195872
11.971963	35	2.923497	0.342056
8.540000	45	5.269321	0.189778
12.939394	31	2.395785	0.417400
10.086614	48	4.758782	0.210138
11.861111	44	3.709602	0.269571
9.631579	58	6.021858	0.166062
7.907407	26	3.288056	0.304131
10.675000	24	2.248244	0.444792
10.248000	26	2.537080	0.394154
9.350365	54	5.775176	0.173155
11.437500	40	3.497268	0.285938
11.336283	27	2.381733	0.419862
9.215827	21	2.278689	0.438849
12.200000	38	3.114754	0.321053
12.084906	28	2.316940	0.431604
24.634615	201	8.159251	0.122560
9.488889	32	3.372365	0.296528
10.414634	48	4.608899	0.216972
10.764706	45	4.180328	0.239216
10.330645	41	3.968774	0.251967
11.043103	36	3.259953	0.306753
11.540541	52	4.505855	0.221933
10.586777	44	4.156128	0.240609
10.855932	28	2.579235	0.387712
12.683168	57	4.494145	0.222512
11.752294	52	4.424668	0.226006
11.540541	26	2.252927	0.443867
9.150000	25	2.732240	0.366000
21.000000	144	6.857143	0.145833
13.484211	63	4.672131	0.214035
12.436893	57	4.583138	0.218191
11.971963	33	2.756440	0.362787
11.043103	66	5.976581	0.167320
7.535294	26	3.450429	0.289819
9.350365	22	2.352849	0.425017
15.433735	88	5.701795	0.175383
16.012500	86	5.370804	0.186192
8.427632	21	2.491803	0.401316
22.473684	135	6.007026	0.166472
11.437500	45	3.934426	0.254167
11.540541	53	4.592506	0.217746
11.236842	34	3.025761	0.330495
10.855932	44	4.053084	0.246726
9.778626	49	5.010929	0.199564
10.330645	23	2.226386	0.449158
11.236842	49	4.360656	0.229323
10.764706	25	2.322404	0.430588
9.085106	44	4.843091	0.206480
11.752294	29	2.467603	0.405252
9.021127	41	4.544887	0.220027
9.704545	41	4.224824	0.236696
14.393258	38	2.640125	0.378770
11.645455	82	7.041374	0.142018
11.971963	82	6.849336	0.146000
11.540541	27	2.339578	0.427427
11.645455	28	2.404372	0.415909
11.236842	40	3.559719	0.280921
11.437500	74	6.469945	0.154561
11.752294	65	5.530835	0.180805
11.861111	72	6.070258	0.164738
11.971963	73	6.097580	0.163999
8.540000	80	9.367681	0.106750
10.586777	78	7.367681	0.135728
11.645455	88	7.556596	0.132335
10.414634	62	5.953162	0.167978
7.956522	22	2.765027	0.361660
10.675000	60	5.620609	0.177917
10.007812	80	7.993755	0.125098
12.683168	55	4.336456	0.230603
11.336283	36	3.175644	0.314897
11.971963	51	4.259953	0.234744
8.318182	61	7.333333	0.136364
11.861111	70	5.901639	0.169444
9.419118	39	4.140515	0.241516
11.139130	50	4.488681	0.222783
10.855932	41	3.776737	0.264779
10.007812	95	9.492584	0.105345
10.248000	33	3.220141	0.310545
9.704545	38	3.915691	0.255383
10.855932	36	3.316159	0.301554
10.586777	32	3.022639	0.330837
11.645455	47	4.035909	0.247776
11.752294	48	4.084309	0.244839
10.948718	37	3.379391	0.295911
10.086614	30	2.974239	0.336220
11.043103	41	3.712724	0.269344
12.939394	40	3.091335	0.323485
12.084906	58	4.799375	0.208360
10.166667	39	3.836066	0.260684
9.350365	34	3.636222	0.275011
10.330645	34	3.291179	0.303843
9.930233	27	2.718970	0.367786
11.139130	39	3.501171	0.285619
9.350365	57	6.096019	0.164041
10.586777	78	7.367681	0.135728
12.810000	81	6.323185	0.158148
10.500000	47	4.476190	0.223404
9.704545	48	4.946136	0.202178
11.336283	55	4.851678	0.206114
12.436893	29	2.331772	0.428858
12.084906	59	4.882123	0.204829
13.071429	30	2.295082	0.435714
11.540541	62	5.372365	0.186138
12.317308	70	5.683060	0.175962
12.200000	74	6.065574	0.164865
10.586777	68	6.423107	0.155688
9.930233	60	6.042155	0.165504
11.540541	77	6.672131	0.149877
10.330645	63	6.098361	0.163978
10.500000	61	5.809524	0.172131
9.419118	53	5.626854	0.177719
11.236842	58	5.161593	0.193739
10.855932	55	5.066354	0.197381
11.645455	102	8.758782	0.114171
8.159236	42	5.147541	0.194268
10.330645	59	5.711163	0.175096
10.586777	49	4.628415	0.216057
11.540541	67	5.805621	0.172247
11.437500	42	3.672131	0.272321
10.855932	70	6.448087	0.155085
11.336283	80	7.056987	0.141704
10.675000	51	4.777518	0.209314
10.675000	62	5.807963	0.172177
13.071429	118	9.027322	0.110775
10.855932	72	6.632319	0.150777
7.858896	46	5.853240	0.170846
13.484211	84	6.229508	0.160526
12.200000	88	7.213115	0.138636
12.436893	89	7.156128	0.139740
11.437500	57	4.983607	0.200658
10.855932	47	4.329430	0.230977
12.084906	61	5.047619	0.198113
10.764706	68	6.316940	0.158304
11.540541	125	10.831382	0.092324
12.200000	28	2.295082	0.435714
11.645455	112	9.617486	0.103977
10.855932	54	4.974239	0.201036
8.655405	87	10.051522	0.099487
11.139130	57	5.117096	0.195423
7.625000	35	4.590164	0.217857
8.655405	42	4.852459	0.206081
11.971963	52	4.343482	0.230230
11.645455	118	10.132709	0.098690
12.317308	50	4.059329	0.246346
18.300000	153	8.360656	0.119608
12.683168	83	6.544106	0.152809
10.166667	24	2.360656	0.423611
8.318182	83	9.978142	0.100219
10.086614	27	2.676815	0.373578
9.559701	88	9.205308	0.108633
7.625000	74	9.704918	0.103041
6.777778	72	10.622951	0.094136
8.264516	71	8.590945	0.116402
11.645455	77	6.612022	0.151240
9.350365	101	10.801717	0.092578
11.236842	74	6.585480	0.151849
9.021127	98	10.863388	0.092052
10.764706	67	6.224044	0.160667
9.559701	57	5.962529	0.167714
9.488889	56	5.901639	0.169444
8.895833	45	5.058548	0.197685
9.419118	42	4.459016	0.224265
11.645455	52	4.465262	0.223951
11.336283	49	4.322404	0.231353
10.675000	80	7.494145	0.133438
11.043103	73	6.610461	0.151275
15.250000	83	5.442623	0.183735
8.372549	34	4.060890	0.246251
21.711864	67	3.085870	0.324058
8.427632	80	9.492584	0.105345
21.350000	78	3.653396	0.273718
17.547945	71	4.046058	0.247154
9.778626	47	4.806401	0.208056
8.714286	37	4.245902	0.235521
10.586777	35	3.306011	0.302479
8.211538	31	3.775176	0.264888
12.683168	48	3.784543	0.264233
12.317308	45	3.653396	0.273718
9.085106	32	3.522248	0.283910
9.704545	29	2.988290	0.334639
15.250000	34	2.229508	0.448529
8.427632	22	2.610461	0.383074
8.958042	26	2.902420	0.344540
10.086614	31	3.073380	0.325375
10.086614	35	3.469945	0.288189
10.855932	32	2.947697	0.339248
10.330645	29	2.807182	0.356229
10.007812	28	2.797814	0.357422
11.043103	36	3.259953	0.306753
9.350365	32	3.422326	0.292199
8.958042	26	2.902420	0.344540
8.773973	24	2.735363	0.365582
9.631579	71	7.371585	0.135656
8.006250	25	3.122560	0.320250
9.853846	76	7.712724	0.129656
16.215190	164	10.113973	0.098873
8.834483	70	7.923497	0.126207
22.875000	127	5.551913	0.180118
16.636364	107	6.431694	0.155480
11.236842	32	2.847775	0.351151
8.714286	73	8.377049	0.119374
9.704545	71	7.316159	0.136684
9.778626	62	6.340359	0.157720
10.414634	27	2.592506	0.385727
10.248000	54	5.269321	0.189778
12.558824	85	6.768150	0.147751
11.861111	128	10.791569	0.092665
11.336283	91	8.027322	0.124575
10.330645	90	8.711944	0.114785
12.683168	48	3.784543	0.264233
9.930233	89	8.962529	0.111576
9.419118	37	3.928181	0.254571
10.086614	86	8.526151	0.117286
9.350365	81	8.662763	0.115437
9.778626	24	2.454333	0.407443
9.350365	43	4.598751	0.217450
10.855932	29	2.671351	0.374342
11.645455	35	3.005464	0.332727
12.317308	68	5.520687	0.181137
10.855932	64	5.895394	0.169624
3.050000	26	8.524590	0.117308
2.951613	20	6.775956	0.147581
2.931350	30	10.234192	0.097712
2.853007	23	8.061671	0.124044
2.790850	29	10.391101	0.096236
2.834071	28	9.879781	0.101217
11.139130	37	3.321624	0.301058
9.419118	40	4.246682	0.235478
11.139130	50	4.488681	0.222783
10.414634	89	8.545667	0.117018
3.406915	36	10.566745	0.094637
10.330645	40	3.871975	0.258266
11.971963	132	11.025761	0.090697
11.752294	27	2.297424	0.435270
11.540541	30	2.599532	0.384685
12.436893	138	11.096019	0.090122
3.178660	32	10.067135	0.099333
10.500000	34	3.238095	0.308824
11.540541	62	5.372365	0.186138
9.350365	21	2.245902	0.445255
22.086207	122	5.523810	0.181034
10.414634	24	2.304450	0.433943
11.043103	61	5.523810	0.181034
11.043103	26	2.354411	0.424735
10.500000	52	4.952381	0.201923
10.764706	45	4.180328	0.239216
11.540541	33	2.859485	0.349713
11.043103	48	4.346604	0.230065
10.675000	48	4.496487	0.222396
11.540541	51	4.419204	0.226285
11.043103	35	3.169399	0.315517
11.139130	34	3.052303	0.327621
11.336283	43	3.793130	0.263634
10.948718	33	3.014052	0.331779
10.500000	25	2.380952	0.420000
10.675000	30	2.810304	0.355833
11.236842	39	3.470726	0.288124
21.350000	63	2.950820	0.338889
17.310811	54	3.119438	0.320571
9.488889	36	3.793911	0.263580
21.350000	63	2.950820	0.338889
19.119403	64	3.347385	0.298741
16.636364	75	4.508197	0.221818
16.215190	68	4.193599	0.238459
13.343750	67	5.021077	0.199160
13.343750	61	4.571429	0.218750
13.484211	53	3.930523	0.254419
12.939394	49	3.786885	0.264069
13.923913	52	3.734582	0.267768
12.558824	53	4.220141	0.236959
12.558824	62	4.936768	0.202562
11.861111	67	5.648712	0.177032
12.200000	73	5.983607	0.167123
12.683168	43	3.390320	0.294957
10.764706	67	6.224044	0.160667
11.336283	69	6.086651	0.164294
13.206186	44	3.331772	0.300141
11.645455	82	7.041374	0.142018
11.437500	30	2.622951	0.381250
13.206186	35	2.650273	0.377320
12.558824	43	3.423888	0.292066
10.330645	66	6.388759	0.156525
11.645455	41	3.520687	0.284035
9.631579	64	6.644809	0.150493
10.675000	72	6.744731	0.148264
12.084906	44	3.640906	0.274657
10.330645	73	7.066354	0.141516
10.855932	40	3.684621	0.271398
9.778626	73	7.465262	0.133954
9.488889	74	7.798595	0.128228
9.150000	74	8.087432	0.123649
11.540541	46	3.985948	0.250881
8.540000	70	8.196721	0.122000
11.437500	43	3.759563	0.265988
9.085106	74	8.145199	0.122772
12.200000	30	2.459016	0.406667
10.764706	39	3.622951	0.276018
10.414634	38	3.648712	0.274069
8.006250	70	8.743169	0.114375
9.488889	57	6.007026	0.166472
12.317308	68	5.520687	0.181137
11.236842	41	3.648712	0.274069
7.362069	64	8.693208	0.115032
10.414634	29	2.784543	0.359125
10.500000	64	6.095238	0.164062
9.559701	36	3.765808	0.265547
6.502538	61	9.380952	0.106599
13.343750	75	5.620609	0.177917
11.540541	29	2.512881	0.397950
10.764706	58	5.387978	0.185598
10.500000	41	3.904762	0.256098
6.924324	70	10.109290	0.098919
10.675000	35	3.278689	0.305000
8.655405	26	3.003903	0.332900
6.158654	58	9.417642	0.106184
13.627660	65	4.769711	0.209656
5.903226	53	8.978142	0.111382
6.248780	58	9.281811	0.107738
12.084906	42	3.475410	0.287736
9.853846	23	2.334114	0.428428
6.535714	61	9.333333	0.107143
10.675000	43	4.028103	0.248256
11.971963	77	6.431694	0.155480
12.436893	41	3.296643	0.303339
11.645455	64	5.495706	0.181960
11.139130	60	5.386417	0.185652
10.007812	73	7.294301	0.137093
11.236842	86	7.653396	0.130661
10.948718	64	5.845433	0.171074
11.752294	70	5.956284	0.167890
10.414634	81	7.777518	0.128576
10.764706	79	7.338798	0.136262
10.586777	56	5.289617	0.189050
7.810976	43	5.505074	0.181651
10.086614	69	6.840749	0.146183
9.559701	31	3.242779	0.308377
8.318182	26	3.125683	0.319930
9.704545	61	6.285714	0.159091
9.704545	40	4.121780	0.242614
9.085106	58	6.384075	0.156640
8.773973	61	6.952381	0.143836
8.483444	64	7.544106	0.132554
11.236842	33	2.936768	0.340510
7.670659	64	8.343482	0.119854
11.861111	30	2.529274	0.395370
12.683168	42	3.311475	0.301980
7.196629	65	9.032006	0.110717
11.437500	34	2.972678	0.336397
6.218447	62	9.970336	0.100298
5.876147	59	10.040593	0.099596
7.810976	19	2.432475	0.411104
18.565217	74	3.985948	0.250881
7.907407	25	3.161593	0.316296
4.908046	49	9.983607	0.100164
14.393258	45	3.126464	0.319850
13.343750	38	2.847775	0.351151
10.330645	32	3.097580	0.322833
10.086614	26	2.577674	0.387947
17.547945	76	4.330991	0.230894
9.150000	85	9.289617	0.107647
14.233333	75	5.269321	0.189778
21.350000	88	4.121780	0.242614
13.206186	70	5.300546	0.188660
15.621951	74	4.736924	0.211107
2.904762	31	10.672131	0.093702
11.336283	123	10.850117	0.092165
3.094203	34	10.988290	0.091006
2.986014	33	11.051522	0.090485
21.711864	52	2.395004	0.417536
19.119403	44	2.301327	0.434532
17.547945	58	3.305230	0.302551
18.565217	56	3.016393	0.331522
17.310811	48	2.772834	0.360642
13.071429	43	3.289617	0.303987
18.300000	55	3.005464	0.332727
16.215190	40	2.466823	0.405380
12.683168	43	3.390320	0.294957
12.436893	59	4.743950	0.210795
11.971963	65	5.429352	0.184184
11.139130	92	8.259173	0.121078
11.336283	43	3.793130	0.263634
12.200000	38	3.114754	0.321053
13.071429	40	3.060109	0.326786
13.923913	42	3.016393	0.331522
13.627660	95	6.971116	0.143449
11.971963	30	2.505855	0.399065
14.556818	35	2.404372	0.415909
11.336283	26	2.293521	0.436011
13.923913	81	5.817330	0.171900
13.627660	81	5.943794	0.168243
12.317308	32	2.597970	0.384916
12.683168	29	2.286495	0.437351
12.683168	140	11.038251	0.090594
11.861111	40	3.372365	0.296528
12.810000	92	7.181889	0.139239
10.500000	36	3.428571	0.291667
8.211538	21	2.557377	0.391026
11.645455	115	9.875098	0.101265
10.675000	37	3.466042	0.288514
11.861111	30	2.529274	0.395370
11.971963	35	2.923497	0.342056
20.015625	185	9.242779	0.108193
12.084906	38	3.144418	0.318024
10.855932	32	2.947697	0.339248
12.683168	43	3.390320	0.294957
12.200000	40	3.278689	0.305000
12.317308	42	3.409836	0.293269
11.236842	40	3.559719	0.280921
10.764706	39	3.622951	0.276018
11.437500	41	3.584699	0.278963
11.752294	40	3.403591	0.293807
11.336283	36	3.175644	0.314897
11.336283	35	3.087432	0.323894
12.558824	42	3.344262	0.299020
10.948718	39	3.562061	0.280736
10.675000	39	3.653396	0.273718
11.861111	43	3.625293	0.275840
10.414634	47	4.512881	0.221588
11.043103	55	4.980484	0.200784
11.336283	61	5.380952	0.185841
11.437500	62	5.420765	0.184476
10.855932	57	5.250585	0.190455
10.330645	52	5.033568	0.198666
10.166667	60	5.901639	0.169444
13.206186	33	2.498829	0.400187
10.248000	60	5.854801	0.170800
9.930233	56	5.639344	0.177326
9.704545	52	5.358314	0.186626
10.586777	58	5.478532	0.182531
7.579882	40	5.277127	0.189497
10.414634	57	5.473068	0.182713
11.645455	64	5.495706	0.181960
11.236842	61	5.428571	0.184211
10.855932	58	5.342701	0.187171
10.855932	58	5.342701	0.187171
10.855932	58	5.342701	0.187171
